"train","/projects/weilab/dataset/cellmap/jrc_cos7-1b/jrc_cos7-1b.zarr","recon-1/em/fibsem-uint8","/projects/weilab/dataset/cellmap/jrc_cos7-1b/jrc_cos7-1b.zarr","recon-1/labels/groundtruth/crop249/[mito]"
"train","/projects/weilab/dataset/cellmap/jrc_cos7-1b/jrc_cos7-1b.zarr","recon-1/em/fibsem-uint8","/projects/weilab/dataset/cellmap/jrc_cos7-1b/jrc_cos7-1b.zarr","recon-1/labels/groundtruth/crop258/[mito]"
"train","/projects/weilab/dataset/cellmap/jrc_cos7-1b/jrc_cos7-1b.zarr","recon-1/em/fibsem-uint8","/projects/weilab/dataset/cellmap/jrc_cos7-1b/jrc_cos7-1b.zarr","recon-1/labels/groundtruth/crop245/[mito]"
"train","/projects/weilab/dataset/cellmap/jrc_cos7-1b/jrc_cos7-1b.zarr","recon-1/em/fibsem-uint8","/projects/weilab/dataset/cellmap/jrc_cos7-1b/jrc_cos7-1b.zarr","recon-1/labels/groundtruth/crop259/[mito]"
"train","/projects/weilab/dataset/cellmap/jrc_cos7-1b/jrc_cos7-1b.zarr","recon-1/em/fibsem-uint8","/projects/weilab/dataset/cellmap/jrc_cos7-1b/jrc_cos7-1b.zarr","recon-1/labels/groundtruth/crop240/[mito]"
"train","/projects/weilab/dataset/cellmap/jrc_cos7-1b/jrc_cos7-1b.zarr","recon-1/em/fibsem-uint8","/projects/weilab/dataset/cellmap/jrc_cos7-1b/jrc_cos7-1b.zarr","recon-1/labels/groundtruth/crop242/[mito]"
"validate","/projects/weilab/dataset/cellmap/jrc_cos7-1b/jrc_cos7-1b.zarr","recon-1/em/fibsem-uint8","/projects/weilab/dataset/cellmap/jrc_cos7-1b/jrc_cos7-1b.zarr","recon-1/labels/groundtruth/crop255/[mito]"
"train","/projects/weilab/dataset/cellmap/jrc_cos7-1b/jrc_cos7-1b.zarr","recon-1/em/fibsem-uint8","/projects/weilab/dataset/cellmap/jrc_cos7-1b/jrc_cos7-1b.zarr","recon-1/labels/groundtruth/crop241/[mito]"
"train","/projects/weilab/dataset/cellmap/jrc_cos7-1b/jrc_cos7-1b.zarr","recon-1/em/fibsem-uint8","/projects/weilab/dataset/cellmap/jrc_cos7-1b/jrc_cos7-1b.zarr","recon-1/labels/groundtruth/crop235/[mito]"
"train","/projects/weilab/dataset/cellmap/jrc_cos7-1b/jrc_cos7-1b.zarr","recon-1/em/fibsem-uint8","/projects/weilab/dataset/cellmap/jrc_cos7-1b/jrc_cos7-1b.zarr","recon-1/labels/groundtruth/crop291/[mito]"
"train","/projects/weilab/dataset/cellmap/jrc_hela-2/jrc_hela-2.zarr","recon-1/em/fibsem-uint8","/projects/weilab/dataset/cellmap/jrc_hela-2/jrc_hela-2.zarr","recon-1/labels/groundtruth/crop57/[mito]"
"train","/projects/weilab/dataset/cellmap/jrc_hela-2/jrc_hela-2.zarr","recon-1/em/fibsem-uint8","/projects/weilab/dataset/cellmap/jrc_hela-2/jrc_hela-2.zarr","recon-1/labels/groundtruth/crop113/[mito]"
"train","/projects/weilab/dataset/cellmap/jrc_hela-2/jrc_hela-2.zarr","recon-1/em/fibsem-uint8","/projects/weilab/dataset/cellmap/jrc_hela-2/jrc_hela-2.zarr","recon-1/labels/groundtruth/crop4/[mito]"
"train","/projects/weilab/dataset/cellmap/jrc_hela-2/jrc_hela-2.zarr","recon-1/em/fibsem-uint8","/projects/weilab/dataset/cellmap/jrc_hela-2/jrc_hela-2.zarr","recon-1/labels/groundtruth/crop6/[mito]"
"train","/projects/weilab/dataset/cellmap/jrc_hela-2/jrc_hela-2.zarr","recon-1/em/fibsem-uint8","/projects/weilab/dataset/cellmap/jrc_hela-2/jrc_hela-2.zarr","recon-1/labels/groundtruth/crop23/[mito]"
"train","/projects/weilab/dataset/cellmap/jrc_hela-2/jrc_hela-2.zarr","recon-1/em/fibsem-uint8","/projects/weilab/dataset/cellmap/jrc_hela-2/jrc_hela-2.zarr","recon-1/labels/groundtruth/crop14/[mito]"
"train","/projects/weilab/dataset/cellmap/jrc_hela-2/jrc_hela-2.zarr","recon-1/em/fibsem-uint8","/projects/weilab/dataset/cellmap/jrc_hela-2/jrc_hela-2.zarr","recon-1/labels/groundtruth/crop155/[mito]"
"train","/projects/weilab/dataset/cellmap/jrc_hela-2/jrc_hela-2.zarr","recon-1/em/fibsem-uint8","/projects/weilab/dataset/cellmap/jrc_hela-2/jrc_hela-2.zarr","recon-1/labels/groundtruth/crop9/[mito]"
"train","/projects/weilab/dataset/cellmap/jrc_hela-2/jrc_hela-2.zarr","recon-1/em/fibsem-uint8","/projects/weilab/dataset/cellmap/jrc_hela-2/jrc_hela-2.zarr","recon-1/labels/groundtruth/crop96/[mito]"
"train","/projects/weilab/dataset/cellmap/jrc_hela-2/jrc_hela-2.zarr","recon-1/em/fibsem-uint8","/projects/weilab/dataset/cellmap/jrc_hela-2/jrc_hela-2.zarr","recon-1/labels/groundtruth/crop8/[mito]"
"train","/projects/weilab/dataset/cellmap/jrc_hela-2/jrc_hela-2.zarr","recon-1/em/fibsem-uint8","/projects/weilab/dataset/cellmap/jrc_hela-2/jrc_hela-2.zarr","recon-1/labels/groundtruth/crop3/[mito]"
"train","/projects/weilab/dataset/cellmap/jrc_hela-2/jrc_hela-2.zarr","recon-1/em/fibsem-uint8","/projects/weilab/dataset/cellmap/jrc_hela-2/jrc_hela-2.zarr","recon-1/labels/groundtruth/crop7/[mito]"
"train","/projects/weilab/dataset/cellmap/jrc_hela-2/jrc_hela-2.zarr","recon-1/em/fibsem-uint8","/projects/weilab/dataset/cellmap/jrc_hela-2/jrc_hela-2.zarr","recon-1/labels/groundtruth/crop1/[mito]"
"train","/projects/weilab/dataset/cellmap/jrc_hela-2/jrc_hela-2.zarr","recon-1/em/fibsem-uint8","/projects/weilab/dataset/cellmap/jrc_hela-2/jrc_hela-2.zarr","recon-1/labels/groundtruth/crop95/[mito]"
"train","/projects/weilab/dataset/cellmap/jrc_hela-2/jrc_hela-2.zarr","recon-1/em/fibsem-uint8","/projects/weilab/dataset/cellmap/jrc_hela-2/jrc_hela-2.zarr","recon-1/labels/groundtruth/crop28/[mito]"
"train","/projects/weilab/dataset/cellmap/jrc_hela-2/jrc_hela-2.zarr","recon-1/em/fibsem-uint8","/projects/weilab/dataset/cellmap/jrc_hela-2/jrc_hela-2.zarr","recon-1/labels/groundtruth/crop15/[mito]"
"train","/projects/weilab/dataset/cellmap/jrc_hela-2/jrc_hela-2.zarr","recon-1/em/fibsem-uint8","/projects/weilab/dataset/cellmap/jrc_hela-2/jrc_hela-2.zarr","recon-1/labels/groundtruth/crop54/[mito]"
"train","/projects/weilab/dataset/cellmap/jrc_hela-2/jrc_hela-2.zarr","recon-1/em/fibsem-uint8","/projects/weilab/dataset/cellmap/jrc_hela-2/jrc_hela-2.zarr","recon-1/labels/groundtruth/crop19/[mito]"
"validate","/projects/weilab/dataset/cellmap/jrc_hela-2/jrc_hela-2.zarr","recon-1/em/fibsem-uint8","/projects/weilab/dataset/cellmap/jrc_hela-2/jrc_hela-2.zarr","recon-1/labels/groundtruth/crop58/[mito]"
"train","/projects/weilab/dataset/cellmap/jrc_hela-2/jrc_hela-2.zarr","recon-1/em/fibsem-uint8","/projects/weilab/dataset/cellmap/jrc_hela-2/jrc_hela-2.zarr","recon-1/labels/groundtruth/crop94/[mito]"
"train","/projects/weilab/dataset/cellmap/jrc_hela-2/jrc_hela-2.zarr","recon-1/em/fibsem-uint8","/projects/weilab/dataset/cellmap/jrc_hela-2/jrc_hela-2.zarr","recon-1/labels/groundtruth/crop16/[mito]"
"validate","/projects/weilab/dataset/cellmap/jrc_hela-2/jrc_hela-2.zarr","recon-1/em/fibsem-uint8","/projects/weilab/dataset/cellmap/jrc_hela-2/jrc_hela-2.zarr","recon-1/labels/groundtruth/crop59/[mito]"
"train","/projects/weilab/dataset/cellmap/jrc_hela-2/jrc_hela-2.zarr","recon-1/em/fibsem-uint8","/projects/weilab/dataset/cellmap/jrc_hela-2/jrc_hela-2.zarr","recon-1/labels/groundtruth/crop18/[mito]"
"train","/projects/weilab/dataset/cellmap/jrc_hela-2/jrc_hela-2.zarr","recon-1/em/fibsem-uint8","/projects/weilab/dataset/cellmap/jrc_hela-2/jrc_hela-2.zarr","recon-1/labels/groundtruth/crop55/[mito]"
"train","/projects/weilab/dataset/cellmap/jrc_hela-2/jrc_hela-2.zarr","recon-1/em/fibsem-uint8","/projects/weilab/dataset/cellmap/jrc_hela-2/jrc_hela-2.zarr","recon-1/labels/groundtruth/crop13/[mito]"
"train","/projects/weilab/dataset/cellmap/jrc_hela-2/jrc_hela-2.zarr","recon-1/em/fibsem-uint8","/projects/weilab/dataset/cellmap/jrc_hela-2/jrc_hela-2.zarr","recon-1/labels/groundtruth/crop56/[mito]"
"validate","/projects/weilab/dataset/cellmap/jrc_sum159-4/jrc_sum159-4.zarr","recon-1/em/fibsem-uint8","/projects/weilab/dataset/cellmap/jrc_sum159-4/jrc_sum159-4.zarr","recon-1/labels/groundtruth/crop208/[mito]"
"train","/projects/weilab/dataset/cellmap/jrc_sum159-4/jrc_sum159-4.zarr","recon-1/em/fibsem-uint8","/projects/weilab/dataset/cellmap/jrc_sum159-4/jrc_sum159-4.zarr","recon-1/labels/groundtruth/crop219/[mito]"
"train","/projects/weilab/dataset/cellmap/jrc_sum159-4/jrc_sum159-4.zarr","recon-1/em/fibsem-uint8","/projects/weilab/dataset/cellmap/jrc_sum159-4/jrc_sum159-4.zarr","recon-1/labels/groundtruth/crop188/[mito]"
"train","/projects/weilab/dataset/cellmap/jrc_sum159-4/jrc_sum159-4.zarr","recon-1/em/fibsem-uint8","/projects/weilab/dataset/cellmap/jrc_sum159-4/jrc_sum159-4.zarr","recon-1/labels/groundtruth/crop201/[mito]"
"train","/projects/weilab/dataset/cellmap/jrc_sum159-4/jrc_sum159-4.zarr","recon-1/em/fibsem-uint8","/projects/weilab/dataset/cellmap/jrc_sum159-4/jrc_sum159-4.zarr","recon-1/labels/groundtruth/crop206/[mito]"
"validate","/projects/weilab/dataset/cellmap/jrc_sum159-4/jrc_sum159-4.zarr","recon-1/em/fibsem-uint8","/projects/weilab/dataset/cellmap/jrc_sum159-4/jrc_sum159-4.zarr","recon-1/labels/groundtruth/crop213/[mito]"
"train","/projects/weilab/dataset/cellmap/jrc_sum159-4/jrc_sum159-4.zarr","recon-1/em/fibsem-uint8","/projects/weilab/dataset/cellmap/jrc_sum159-4/jrc_sum159-4.zarr","recon-1/labels/groundtruth/crop203/[mito]"
"train","/projects/weilab/dataset/cellmap/jrc_sum159-4/jrc_sum159-4.zarr","recon-1/em/fibsem-uint8","/projects/weilab/dataset/cellmap/jrc_sum159-4/jrc_sum159-4.zarr","recon-1/labels/groundtruth/crop186/[mito]"
"train","/projects/weilab/dataset/cellmap/jrc_sum159-4/jrc_sum159-4.zarr","recon-1/em/fibsem-uint8","/projects/weilab/dataset/cellmap/jrc_sum159-4/jrc_sum159-4.zarr","recon-1/labels/groundtruth/crop212/[mito]"
"train","/projects/weilab/dataset/cellmap/jrc_sum159-4/jrc_sum159-4.zarr","recon-1/em/fibsem-uint8","/projects/weilab/dataset/cellmap/jrc_sum159-4/jrc_sum159-4.zarr","recon-1/labels/groundtruth/crop216/[mito]"
"train","/projects/weilab/dataset/cellmap/jrc_sum159-4/jrc_sum159-4.zarr","recon-1/em/fibsem-uint8","/projects/weilab/dataset/cellmap/jrc_sum159-4/jrc_sum159-4.zarr","recon-1/labels/groundtruth/crop210/[mito]"
"train","/projects/weilab/dataset/cellmap/jrc_sum159-4/jrc_sum159-4.zarr","recon-1/em/fibsem-uint8","/projects/weilab/dataset/cellmap/jrc_sum159-4/jrc_sum159-4.zarr","recon-1/labels/groundtruth/crop218/[mito]"
"train","/projects/weilab/dataset/cellmap/jrc_sum159-4/jrc_sum159-4.zarr","recon-1/em/fibsem-uint8","/projects/weilab/dataset/cellmap/jrc_sum159-4/jrc_sum159-4.zarr","recon-1/labels/groundtruth/crop187/[mito]"
"train","/projects/weilab/dataset/cellmap/jrc_sum159-4/jrc_sum159-4.zarr","recon-1/em/fibsem-uint8","/projects/weilab/dataset/cellmap/jrc_sum159-4/jrc_sum159-4.zarr","recon-1/labels/groundtruth/crop217/[mito]"
"train","/projects/weilab/dataset/cellmap/jrc_sum159-4/jrc_sum159-4.zarr","recon-1/em/fibsem-uint8","/projects/weilab/dataset/cellmap/jrc_sum159-4/jrc_sum159-4.zarr","recon-1/labels/groundtruth/crop209/[mito]"
"train","/projects/weilab/dataset/cellmap/jrc_sum159-4/jrc_sum159-4.zarr","recon-1/em/fibsem-uint8","/projects/weilab/dataset/cellmap/jrc_sum159-4/jrc_sum159-4.zarr","recon-1/labels/groundtruth/crop202/[mito]"
"train","/projects/weilab/dataset/cellmap/jrc_sum159-4/jrc_sum159-4.zarr","recon-1/em/fibsem-uint8","/projects/weilab/dataset/cellmap/jrc_sum159-4/jrc_sum159-4.zarr","recon-1/labels/groundtruth/crop189/[mito]"
"train","/projects/weilab/dataset/cellmap/jrc_mus-liver-zon-2/jrc_mus-liver-zon-2.zarr","recon-1/em/fibsem-uint8","/projects/weilab/dataset/cellmap/jrc_mus-liver-zon-2/jrc_mus-liver-zon-2.zarr","recon-1/labels/groundtruth/crop376/[mito]"
"validate","/projects/weilab/dataset/cellmap/jrc_mus-liver-zon-2/jrc_mus-liver-zon-2.zarr","recon-1/em/fibsem-uint8","/projects/weilab/dataset/cellmap/jrc_mus-liver-zon-2/jrc_mus-liver-zon-2.zarr","recon-1/labels/groundtruth/crop370/[mito]"
"train","/projects/weilab/dataset/cellmap/jrc_mus-liver-zon-2/jrc_mus-liver-zon-2.zarr","recon-1/em/fibsem-uint8","/projects/weilab/dataset/cellmap/jrc_mus-liver-zon-2/jrc_mus-liver-zon-2.zarr","recon-1/labels/groundtruth/crop368/[mito]"
"validate","/projects/weilab/dataset/cellmap/jrc_mus-liver-zon-2/jrc_mus-liver-zon-2.zarr","recon-1/em/fibsem-uint8","/projects/weilab/dataset/cellmap/jrc_mus-liver-zon-2/jrc_mus-liver-zon-2.zarr","recon-1/labels/groundtruth/crop342/[mito]"
"train","/projects/weilab/dataset/cellmap/jrc_mus-liver-zon-2/jrc_mus-liver-zon-2.zarr","recon-1/em/fibsem-uint8","/projects/weilab/dataset/cellmap/jrc_mus-liver-zon-2/jrc_mus-liver-zon-2.zarr","recon-1/labels/groundtruth/crop369/[mito]"
"train","/projects/weilab/dataset/cellmap/jrc_mus-liver-zon-2/jrc_mus-liver-zon-2.zarr","recon-1/em/fibsem-uint8","/projects/weilab/dataset/cellmap/jrc_mus-liver-zon-2/jrc_mus-liver-zon-2.zarr","recon-1/labels/groundtruth/crop341/[mito]"
"train","/projects/weilab/dataset/cellmap/jrc_mus-liver-zon-2/jrc_mus-liver-zon-2.zarr","recon-1/em/fibsem-uint8","/projects/weilab/dataset/cellmap/jrc_mus-liver-zon-2/jrc_mus-liver-zon-2.zarr","recon-1/labels/groundtruth/crop333/[mito]"
"train","/projects/weilab/dataset/cellmap/jrc_mus-liver-zon-2/jrc_mus-liver-zon-2.zarr","recon-1/em/fibsem-uint8","/projects/weilab/dataset/cellmap/jrc_mus-liver-zon-2/jrc_mus-liver-zon-2.zarr","recon-1/labels/groundtruth/crop340/[mito]"
"train","/projects/weilab/dataset/cellmap/jrc_fly-mb-1a/jrc_fly-mb-1a.zarr","recon-1/em/fibsem-uint8","/projects/weilab/dataset/cellmap/jrc_fly-mb-1a/jrc_fly-mb-1a.zarr","recon-1/labels/groundtruth/crop122/[mito]"
"train","/projects/weilab/dataset/cellmap/jrc_fly-mb-1a/jrc_fly-mb-1a.zarr","recon-1/em/fibsem-uint8","/projects/weilab/dataset/cellmap/jrc_fly-mb-1a/jrc_fly-mb-1a.zarr","recon-1/labels/groundtruth/crop123/[mito]"
"train","/projects/weilab/dataset/cellmap/jrc_fly-mb-1a/jrc_fly-mb-1a.zarr","recon-1/em/fibsem-uint8","/projects/weilab/dataset/cellmap/jrc_fly-mb-1a/jrc_fly-mb-1a.zarr","recon-1/labels/groundtruth/crop134/[mito]"
"validate","/projects/weilab/dataset/cellmap/jrc_fly-mb-1a/jrc_fly-mb-1a.zarr","recon-1/em/fibsem-uint8","/projects/weilab/dataset/cellmap/jrc_fly-mb-1a/jrc_fly-mb-1a.zarr","recon-1/labels/groundtruth/crop120/[mito]"
"train","/projects/weilab/dataset/cellmap/jrc_fly-mb-1a/jrc_fly-mb-1a.zarr","recon-1/em/fibsem-uint8","/projects/weilab/dataset/cellmap/jrc_fly-mb-1a/jrc_fly-mb-1a.zarr","recon-1/labels/groundtruth/crop121/[mito]"
"train","/projects/weilab/dataset/cellmap/jrc_fly-mb-1a/jrc_fly-mb-1a.zarr","recon-1/em/fibsem-uint8","/projects/weilab/dataset/cellmap/jrc_fly-mb-1a/jrc_fly-mb-1a.zarr","recon-1/labels/groundtruth/crop178/[mito]"
"train","/projects/weilab/dataset/cellmap/jrc_mus-liver-zon-1/jrc_mus-liver-zon-1.zarr","recon-1/em/fibsem-uint8","/projects/weilab/dataset/cellmap/jrc_mus-liver-zon-1/jrc_mus-liver-zon-1.zarr","recon-1/labels/groundtruth/crop268/[mito]"
"train","/projects/weilab/dataset/cellmap/jrc_mus-liver-zon-1/jrc_mus-liver-zon-1.zarr","recon-1/em/fibsem-uint8","/projects/weilab/dataset/cellmap/jrc_mus-liver-zon-1/jrc_mus-liver-zon-1.zarr","recon-1/labels/groundtruth/crop276/[mito]"
"train","/projects/weilab/dataset/cellmap/jrc_mus-liver-zon-1/jrc_mus-liver-zon-1.zarr","recon-1/em/fibsem-uint8","/projects/weilab/dataset/cellmap/jrc_mus-liver-zon-1/jrc_mus-liver-zon-1.zarr","recon-1/labels/groundtruth/crop275/[mito]"
"train","/projects/weilab/dataset/cellmap/jrc_mus-liver-zon-1/jrc_mus-liver-zon-1.zarr","recon-1/em/fibsem-uint8","/projects/weilab/dataset/cellmap/jrc_mus-liver-zon-1/jrc_mus-liver-zon-1.zarr","recon-1/labels/groundtruth/crop321/[mito]"
"validate","/projects/weilab/dataset/cellmap/jrc_mus-liver-zon-1/jrc_mus-liver-zon-1.zarr","recon-1/em/fibsem-uint8","/projects/weilab/dataset/cellmap/jrc_mus-liver-zon-1/jrc_mus-liver-zon-1.zarr","recon-1/labels/groundtruth/crop320/[mito]"
"train","/projects/weilab/dataset/cellmap/jrc_mus-liver-zon-1/jrc_mus-liver-zon-1.zarr","recon-1/em/fibsem-uint8","/projects/weilab/dataset/cellmap/jrc_mus-liver-zon-1/jrc_mus-liver-zon-1.zarr","recon-1/labels/groundtruth/crop277/[mito]"
"train","/projects/weilab/dataset/cellmap/jrc_mus-liver-zon-1/jrc_mus-liver-zon-1.zarr","recon-1/em/fibsem-uint8","/projects/weilab/dataset/cellmap/jrc_mus-liver-zon-1/jrc_mus-liver-zon-1.zarr","recon-1/labels/groundtruth/crop280/[mito]"
"train","/projects/weilab/dataset/cellmap/jrc_mus-liver-zon-1/jrc_mus-liver-zon-1.zarr","recon-1/em/fibsem-uint8","/projects/weilab/dataset/cellmap/jrc_mus-liver-zon-1/jrc_mus-liver-zon-1.zarr","recon-1/labels/groundtruth/crop278/[mito]"
"train","/projects/weilab/dataset/cellmap/jrc_mus-liver-zon-1/jrc_mus-liver-zon-1.zarr","recon-1/em/fibsem-uint8","/projects/weilab/dataset/cellmap/jrc_mus-liver-zon-1/jrc_mus-liver-zon-1.zarr","recon-1/labels/groundtruth/crop325/[mito]"
"train","/projects/weilab/dataset/cellmap/jrc_mus-liver-zon-1/jrc_mus-liver-zon-1.zarr","recon-1/em/fibsem-uint8","/projects/weilab/dataset/cellmap/jrc_mus-liver-zon-1/jrc_mus-liver-zon-1.zarr","recon-1/labels/groundtruth/crop313/[mito]"
"train","/projects/weilab/dataset/cellmap/jrc_mus-liver-zon-1/jrc_mus-liver-zon-1.zarr","recon-1/em/fibsem-uint8","/projects/weilab/dataset/cellmap/jrc_mus-liver-zon-1/jrc_mus-liver-zon-1.zarr","recon-1/labels/groundtruth/crop298/[mito]"
"train","/projects/weilab/dataset/cellmap/jrc_mus-liver-zon-1/jrc_mus-liver-zon-1.zarr","recon-1/em/fibsem-uint8","/projects/weilab/dataset/cellmap/jrc_mus-liver-zon-1/jrc_mus-liver-zon-1.zarr","recon-1/labels/groundtruth/crop323/[mito]"
"train","/projects/weilab/dataset/cellmap/jrc_mus-liver-zon-1/jrc_mus-liver-zon-1.zarr","recon-1/em/fibsem-uint8","/projects/weilab/dataset/cellmap/jrc_mus-liver-zon-1/jrc_mus-liver-zon-1.zarr","recon-1/labels/groundtruth/crop326/[mito]"
"train","/projects/weilab/dataset/cellmap/jrc_mus-liver-zon-1/jrc_mus-liver-zon-1.zarr","recon-1/em/fibsem-uint8","/projects/weilab/dataset/cellmap/jrc_mus-liver-zon-1/jrc_mus-liver-zon-1.zarr","recon-1/labels/groundtruth/crop273/[mito]"
"train","/projects/weilab/dataset/cellmap/jrc_mus-liver-zon-1/jrc_mus-liver-zon-1.zarr","recon-1/em/fibsem-uint8","/projects/weilab/dataset/cellmap/jrc_mus-liver-zon-1/jrc_mus-liver-zon-1.zarr","recon-1/labels/groundtruth/crop266/[mito]"
"train","/projects/weilab/dataset/cellmap/jrc_mus-liver-zon-1/jrc_mus-liver-zon-1.zarr","recon-1/em/fibsem-uint8","/projects/weilab/dataset/cellmap/jrc_mus-liver-zon-1/jrc_mus-liver-zon-1.zarr","recon-1/labels/groundtruth/crop279/[mito]"
"train","/projects/weilab/dataset/cellmap/jrc_mus-liver-zon-1/jrc_mus-liver-zon-1.zarr","recon-1/em/fibsem-uint8","/projects/weilab/dataset/cellmap/jrc_mus-liver-zon-1/jrc_mus-liver-zon-1.zarr","recon-1/labels/groundtruth/crop267/[mito]"
"train","/projects/weilab/dataset/cellmap/jrc_mus-liver-zon-1/jrc_mus-liver-zon-1.zarr","recon-1/em/fibsem-uint8","/projects/weilab/dataset/cellmap/jrc_mus-liver-zon-1/jrc_mus-liver-zon-1.zarr","recon-1/labels/groundtruth/crop319/[mito]"
"train","/projects/weilab/dataset/cellmap/jrc_mus-liver-zon-1/jrc_mus-liver-zon-1.zarr","recon-1/em/fibsem-uint8","/projects/weilab/dataset/cellmap/jrc_mus-liver-zon-1/jrc_mus-liver-zon-1.zarr","recon-1/labels/groundtruth/crop322/[mito]"
"train","/projects/weilab/dataset/cellmap/jrc_mus-liver-zon-1/jrc_mus-liver-zon-1.zarr","recon-1/em/fibsem-uint8","/projects/weilab/dataset/cellmap/jrc_mus-liver-zon-1/jrc_mus-liver-zon-1.zarr","recon-1/labels/groundtruth/crop274/[mito]"
"train","/projects/weilab/dataset/cellmap/jrc_mus-liver-zon-1/jrc_mus-liver-zon-1.zarr","recon-1/em/fibsem-uint8","/projects/weilab/dataset/cellmap/jrc_mus-liver-zon-1/jrc_mus-liver-zon-1.zarr","recon-1/labels/groundtruth/crop377/[mito]"
"train","/projects/weilab/dataset/cellmap/jrc_mus-liver-zon-1/jrc_mus-liver-zon-1.zarr","recon-1/em/fibsem-uint8","/projects/weilab/dataset/cellmap/jrc_mus-liver-zon-1/jrc_mus-liver-zon-1.zarr","recon-1/labels/groundtruth/crop269/[mito]"
"train","/projects/weilab/dataset/cellmap/jrc_mus-liver-zon-1/jrc_mus-liver-zon-1.zarr","recon-1/em/fibsem-uint8","/projects/weilab/dataset/cellmap/jrc_mus-liver-zon-1/jrc_mus-liver-zon-1.zarr","recon-1/labels/groundtruth/crop272/[mito]"
"train","/projects/weilab/dataset/cellmap/jrc_ut21-1413-003/jrc_ut21-1413-003.zarr","recon-1/em/fibsem-uint8","/projects/weilab/dataset/cellmap/jrc_ut21-1413-003/jrc_ut21-1413-003.zarr","recon-1/labels/groundtruth/crop196/[mito]"
"validate","/projects/weilab/dataset/cellmap/jrc_ut21-1413-003/jrc_ut21-1413-003.zarr","recon-1/em/fibsem-uint8","/projects/weilab/dataset/cellmap/jrc_ut21-1413-003/jrc_ut21-1413-003.zarr","recon-1/labels/groundtruth/crop222/[mito]"
"train","/projects/weilab/dataset/cellmap/jrc_ut21-1413-003/jrc_ut21-1413-003.zarr","recon-1/em/fibsem-uint8","/projects/weilab/dataset/cellmap/jrc_ut21-1413-003/jrc_ut21-1413-003.zarr","recon-1/labels/groundtruth/crop197/[mito]"
"validate","/projects/weilab/dataset/cellmap/jrc_ut21-1413-003/jrc_ut21-1413-003.zarr","recon-1/em/fibsem-uint8","/projects/weilab/dataset/cellmap/jrc_ut21-1413-003/jrc_ut21-1413-003.zarr","recon-1/labels/groundtruth/crop198/[mito]"
"train","/projects/weilab/dataset/cellmap/jrc_ut21-1413-003/jrc_ut21-1413-003.zarr","recon-1/em/fibsem-uint8","/projects/weilab/dataset/cellmap/jrc_ut21-1413-003/jrc_ut21-1413-003.zarr","recon-1/labels/groundtruth/crop200/[mito]"
"train","/projects/weilab/dataset/cellmap/jrc_ut21-1413-003/jrc_ut21-1413-003.zarr","recon-1/em/fibsem-uint8","/projects/weilab/dataset/cellmap/jrc_ut21-1413-003/jrc_ut21-1413-003.zarr","recon-1/labels/groundtruth/crop224/[mito]"
"train","/projects/weilab/dataset/cellmap/jrc_ut21-1413-003/jrc_ut21-1413-003.zarr","recon-1/em/fibsem-uint8","/projects/weilab/dataset/cellmap/jrc_ut21-1413-003/jrc_ut21-1413-003.zarr","recon-1/labels/groundtruth/crop191/[mito]"
"train","/projects/weilab/dataset/cellmap/jrc_ut21-1413-003/jrc_ut21-1413-003.zarr","recon-1/em/fibsem-uint8","/projects/weilab/dataset/cellmap/jrc_ut21-1413-003/jrc_ut21-1413-003.zarr","recon-1/labels/groundtruth/crop225/[mito]"
"train","/projects/weilab/dataset/cellmap/jrc_ut21-1413-003/jrc_ut21-1413-003.zarr","recon-1/em/fibsem-uint8","/projects/weilab/dataset/cellmap/jrc_ut21-1413-003/jrc_ut21-1413-003.zarr","recon-1/labels/groundtruth/crop195/[mito]"
"train","/projects/weilab/dataset/cellmap/jrc_ut21-1413-003/jrc_ut21-1413-003.zarr","recon-1/em/fibsem-uint8","/projects/weilab/dataset/cellmap/jrc_ut21-1413-003/jrc_ut21-1413-003.zarr","recon-1/labels/groundtruth/crop228/[mito]"
"train","/projects/weilab/dataset/cellmap/jrc_ut21-1413-003/jrc_ut21-1413-003.zarr","recon-1/em/fibsem-uint8","/projects/weilab/dataset/cellmap/jrc_ut21-1413-003/jrc_ut21-1413-003.zarr","recon-1/labels/groundtruth/crop227/[mito]"
"train","/projects/weilab/dataset/cellmap/jrc_ut21-1413-003/jrc_ut21-1413-003.zarr","recon-1/em/fibsem-uint8","/projects/weilab/dataset/cellmap/jrc_ut21-1413-003/jrc_ut21-1413-003.zarr","recon-1/labels/groundtruth/crop226/[mito]"
"validate","/projects/weilab/dataset/cellmap/jrc_ut21-1413-003/jrc_ut21-1413-003.zarr","recon-1/em/fibsem-uint8","/projects/weilab/dataset/cellmap/jrc_ut21-1413-003/jrc_ut21-1413-003.zarr","recon-1/labels/groundtruth/crop190/[mito]"
"train","/projects/weilab/dataset/cellmap/jrc_ut21-1413-003/jrc_ut21-1413-003.zarr","recon-1/em/fibsem-uint8","/projects/weilab/dataset/cellmap/jrc_ut21-1413-003/jrc_ut21-1413-003.zarr","recon-1/labels/groundtruth/crop192/[mito]"
"train","/projects/weilab/dataset/cellmap/jrc_ut21-1413-003/jrc_ut21-1413-003.zarr","recon-1/em/fibsem-uint8","/projects/weilab/dataset/cellmap/jrc_ut21-1413-003/jrc_ut21-1413-003.zarr","recon-1/labels/groundtruth/crop199/[mito]"
"train","/projects/weilab/dataset/cellmap/jrc_ut21-1413-003/jrc_ut21-1413-003.zarr","recon-1/em/fibsem-uint8","/projects/weilab/dataset/cellmap/jrc_ut21-1413-003/jrc_ut21-1413-003.zarr","recon-1/labels/groundtruth/crop193/[mito]"
"train","/projects/weilab/dataset/cellmap/jrc_ut21-1413-003/jrc_ut21-1413-003.zarr","recon-1/em/fibsem-uint8","/projects/weilab/dataset/cellmap/jrc_ut21-1413-003/jrc_ut21-1413-003.zarr","recon-1/labels/groundtruth/crop220/[mito]"
"train","/projects/weilab/dataset/cellmap/jrc_ut21-1413-003/jrc_ut21-1413-003.zarr","recon-1/em/fibsem-uint8","/projects/weilab/dataset/cellmap/jrc_ut21-1413-003/jrc_ut21-1413-003.zarr","recon-1/labels/groundtruth/crop214/[mito]"
"train","/projects/weilab/dataset/cellmap/jrc_ctl-id8-1/jrc_ctl-id8-1.zarr","recon-1/em/fibsem-uint8","/projects/weilab/dataset/cellmap/jrc_ctl-id8-1/jrc_ctl-id8-1.zarr","recon-1/labels/groundtruth/crop116/[mito]"
"train","/projects/weilab/dataset/cellmap/jrc_ctl-id8-1/jrc_ctl-id8-1.zarr","recon-1/em/fibsem-uint8","/projects/weilab/dataset/cellmap/jrc_ctl-id8-1/jrc_ctl-id8-1.zarr","recon-1/labels/groundtruth/crop119/[mito]"
"train","/projects/weilab/dataset/cellmap/jrc_ctl-id8-1/jrc_ctl-id8-1.zarr","recon-1/em/fibsem-uint8","/projects/weilab/dataset/cellmap/jrc_ctl-id8-1/jrc_ctl-id8-1.zarr","recon-1/labels/groundtruth/crop130/[mito]"
"train","/projects/weilab/dataset/cellmap/jrc_ctl-id8-1/jrc_ctl-id8-1.zarr","recon-1/em/fibsem-uint8","/projects/weilab/dataset/cellmap/jrc_ctl-id8-1/jrc_ctl-id8-1.zarr","recon-1/labels/groundtruth/crop117/[mito]"
"train","/projects/weilab/dataset/cellmap/jrc_ctl-id8-1/jrc_ctl-id8-1.zarr","recon-1/em/fibsem-uint8","/projects/weilab/dataset/cellmap/jrc_ctl-id8-1/jrc_ctl-id8-1.zarr","recon-1/labels/groundtruth/crop118/[mito]"
"train","/projects/weilab/dataset/cellmap/jrc_sum159-1/jrc_sum159-1.zarr","recon-1/em/fibsem-uint8","/projects/weilab/dataset/cellmap/jrc_sum159-1/jrc_sum159-1.zarr","recon-1/labels/groundtruth/crop25/[mito]"
"train","/projects/weilab/dataset/cellmap/jrc_sum159-1/jrc_sum159-1.zarr","recon-1/em/fibsem-uint8","/projects/weilab/dataset/cellmap/jrc_sum159-1/jrc_sum159-1.zarr","recon-1/labels/groundtruth/crop80/[mito]"
"train","/projects/weilab/dataset/cellmap/jrc_sum159-1/jrc_sum159-1.zarr","recon-1/em/fibsem-uint8","/projects/weilab/dataset/cellmap/jrc_sum159-1/jrc_sum159-1.zarr","recon-1/labels/groundtruth/crop82/[mito]"
"train","/projects/weilab/dataset/cellmap/jrc_sum159-1/jrc_sum159-1.zarr","recon-1/em/fibsem-uint8","/projects/weilab/dataset/cellmap/jrc_sum159-1/jrc_sum159-1.zarr","recon-1/labels/groundtruth/crop83/[mito]"
"train","/projects/weilab/dataset/cellmap/jrc_sum159-1/jrc_sum159-1.zarr","recon-1/em/fibsem-uint8","/projects/weilab/dataset/cellmap/jrc_sum159-1/jrc_sum159-1.zarr","recon-1/labels/groundtruth/crop22/[mito]"
"train","/projects/weilab/dataset/cellmap/jrc_sum159-1/jrc_sum159-1.zarr","recon-1/em/fibsem-uint8","/projects/weilab/dataset/cellmap/jrc_sum159-1/jrc_sum159-1.zarr","recon-1/labels/groundtruth/crop26/[mito]"
"train","/projects/weilab/dataset/cellmap/jrc_sum159-1/jrc_sum159-1.zarr","recon-1/em/fibsem-uint8","/projects/weilab/dataset/cellmap/jrc_sum159-1/jrc_sum159-1.zarr","recon-1/labels/groundtruth/crop84/[mito]"
"train","/projects/weilab/dataset/cellmap/jrc_sum159-1/jrc_sum159-1.zarr","recon-1/em/fibsem-uint8","/projects/weilab/dataset/cellmap/jrc_sum159-1/jrc_sum159-1.zarr","recon-1/labels/groundtruth/crop97/[mito]"
"validate","/projects/weilab/dataset/cellmap/jrc_sum159-1/jrc_sum159-1.zarr","recon-1/em/fibsem-uint8","/projects/weilab/dataset/cellmap/jrc_sum159-1/jrc_sum159-1.zarr","recon-1/labels/groundtruth/crop20/[mito]"
"train","/projects/weilab/dataset/cellmap/jrc_sum159-1/jrc_sum159-1.zarr","recon-1/em/fibsem-uint8","/projects/weilab/dataset/cellmap/jrc_sum159-1/jrc_sum159-1.zarr","recon-1/labels/groundtruth/crop99/[mito]"
"train","/projects/weilab/dataset/cellmap/jrc_sum159-1/jrc_sum159-1.zarr","recon-1/em/fibsem-uint8","/projects/weilab/dataset/cellmap/jrc_sum159-1/jrc_sum159-1.zarr","recon-1/labels/groundtruth/crop81/[mito]"
"train","/projects/weilab/dataset/cellmap/jrc_sum159-1/jrc_sum159-1.zarr","recon-1/em/fibsem-uint8","/projects/weilab/dataset/cellmap/jrc_sum159-1/jrc_sum159-1.zarr","recon-1/labels/groundtruth/crop98/[mito]"
"train","/projects/weilab/dataset/cellmap/jrc_cos7-1a/jrc_cos7-1a.zarr","recon-1/em/fibsem-uint8","/projects/weilab/dataset/cellmap/jrc_cos7-1a/jrc_cos7-1a.zarr","recon-1/labels/groundtruth/crop237/[mito]"
"train","/projects/weilab/dataset/cellmap/jrc_cos7-1a/jrc_cos7-1a.zarr","recon-1/em/fibsem-uint8","/projects/weilab/dataset/cellmap/jrc_cos7-1a/jrc_cos7-1a.zarr","recon-1/labels/groundtruth/crop254/[mito]"
"train","/projects/weilab/dataset/cellmap/jrc_cos7-1a/jrc_cos7-1a.zarr","recon-1/em/fibsem-uint8","/projects/weilab/dataset/cellmap/jrc_cos7-1a/jrc_cos7-1a.zarr","recon-1/labels/groundtruth/crop239/[mito]"
"train","/projects/weilab/dataset/cellmap/jrc_cos7-1a/jrc_cos7-1a.zarr","recon-1/em/fibsem-uint8","/projects/weilab/dataset/cellmap/jrc_cos7-1a/jrc_cos7-1a.zarr","recon-1/labels/groundtruth/crop248/[mito]"
"train","/projects/weilab/dataset/cellmap/jrc_cos7-1a/jrc_cos7-1a.zarr","recon-1/em/fibsem-uint8","/projects/weilab/dataset/cellmap/jrc_cos7-1a/jrc_cos7-1a.zarr","recon-1/labels/groundtruth/crop292/[mito]"
"train","/projects/weilab/dataset/cellmap/jrc_cos7-1a/jrc_cos7-1a.zarr","recon-1/em/fibsem-uint8","/projects/weilab/dataset/cellmap/jrc_cos7-1a/jrc_cos7-1a.zarr","recon-1/labels/groundtruth/crop236/[mito]"
"train","/projects/weilab/dataset/cellmap/jrc_cos7-1a/jrc_cos7-1a.zarr","recon-1/em/fibsem-uint8","/projects/weilab/dataset/cellmap/jrc_cos7-1a/jrc_cos7-1a.zarr","recon-1/labels/groundtruth/crop234/[mito]"
"train","/projects/weilab/dataset/cellmap/jrc_cos7-1a/jrc_cos7-1a.zarr","recon-1/em/fibsem-uint8","/projects/weilab/dataset/cellmap/jrc_cos7-1a/jrc_cos7-1a.zarr","recon-1/labels/groundtruth/crop243/[mito]"
"train","/projects/weilab/dataset/cellmap/jrc_cos7-1a/jrc_cos7-1a.zarr","recon-1/em/fibsem-uint8","/projects/weilab/dataset/cellmap/jrc_cos7-1a/jrc_cos7-1a.zarr","recon-1/labels/groundtruth/crop252/[mito]"
"train","/projects/weilab/dataset/cellmap/jrc_cos7-1a/jrc_cos7-1a.zarr","recon-1/em/fibsem-uint8","/projects/weilab/dataset/cellmap/jrc_cos7-1a/jrc_cos7-1a.zarr","recon-1/labels/groundtruth/crop256/[mito]"
"train","/projects/weilab/dataset/cellmap/jrc_jurkat-1/jrc_jurkat-1.zarr","recon-1/em/fibsem-uint8","/projects/weilab/dataset/cellmap/jrc_jurkat-1/jrc_jurkat-1.zarr","recon-1/labels/groundtruth/crop37/[mito]"
"train","/projects/weilab/dataset/cellmap/jrc_jurkat-1/jrc_jurkat-1.zarr","recon-1/em/fibsem-uint8","/projects/weilab/dataset/cellmap/jrc_jurkat-1/jrc_jurkat-1.zarr","recon-1/labels/groundtruth/crop70/[mito]"
"train","/projects/weilab/dataset/cellmap/jrc_jurkat-1/jrc_jurkat-1.zarr","recon-1/em/fibsem-uint8","/projects/weilab/dataset/cellmap/jrc_jurkat-1/jrc_jurkat-1.zarr","recon-1/labels/groundtruth/crop38/[mito]"
"validate","/projects/weilab/dataset/cellmap/jrc_jurkat-1/jrc_jurkat-1.zarr","recon-1/em/fibsem-uint8","/projects/weilab/dataset/cellmap/jrc_jurkat-1/jrc_jurkat-1.zarr","recon-1/labels/groundtruth/crop35/[mito]"
"train","/projects/weilab/dataset/cellmap/jrc_jurkat-1/jrc_jurkat-1.zarr","recon-1/em/fibsem-uint8","/projects/weilab/dataset/cellmap/jrc_jurkat-1/jrc_jurkat-1.zarr","recon-1/labels/groundtruth/crop126/[mito]"
"train","/projects/weilab/dataset/cellmap/jrc_jurkat-1/jrc_jurkat-1.zarr","recon-1/em/fibsem-uint8","/projects/weilab/dataset/cellmap/jrc_jurkat-1/jrc_jurkat-1.zarr","recon-1/labels/groundtruth/crop36/[mito]"
"validate","/projects/weilab/dataset/cellmap/jrc_jurkat-1/jrc_jurkat-1.zarr","recon-1/em/fibsem-uint8","/projects/weilab/dataset/cellmap/jrc_jurkat-1/jrc_jurkat-1.zarr","recon-1/labels/groundtruth/crop107/[mito]"
"train","/projects/weilab/dataset/cellmap/jrc_jurkat-1/jrc_jurkat-1.zarr","recon-1/em/fibsem-uint8","/projects/weilab/dataset/cellmap/jrc_jurkat-1/jrc_jurkat-1.zarr","recon-1/labels/groundtruth/crop47/[mito]"
"train","/projects/weilab/dataset/cellmap/jrc_jurkat-1/jrc_jurkat-1.zarr","recon-1/em/fibsem-uint8","/projects/weilab/dataset/cellmap/jrc_jurkat-1/jrc_jurkat-1.zarr","recon-1/labels/groundtruth/crop69/[mito]"
"train","/projects/weilab/dataset/cellmap/jrc_jurkat-1/jrc_jurkat-1.zarr","recon-1/em/fibsem-uint8","/projects/weilab/dataset/cellmap/jrc_jurkat-1/jrc_jurkat-1.zarr","recon-1/labels/groundtruth/crop66/[mito]"
"train","/projects/weilab/dataset/cellmap/jrc_jurkat-1/jrc_jurkat-1.zarr","recon-1/em/fibsem-uint8","/projects/weilab/dataset/cellmap/jrc_jurkat-1/jrc_jurkat-1.zarr","recon-1/labels/groundtruth/crop182/[mito]"
"train","/projects/weilab/dataset/cellmap/jrc_jurkat-1/jrc_jurkat-1.zarr","recon-1/em/fibsem-uint8","/projects/weilab/dataset/cellmap/jrc_jurkat-1/jrc_jurkat-1.zarr","recon-1/labels/groundtruth/crop93/[mito]"
"train","/projects/weilab/dataset/cellmap/jrc_jurkat-1/jrc_jurkat-1.zarr","recon-1/em/fibsem-uint8","/projects/weilab/dataset/cellmap/jrc_jurkat-1/jrc_jurkat-1.zarr","recon-1/labels/groundtruth/crop92/[mito]"
"train","/projects/weilab/dataset/cellmap/jrc_jurkat-1/jrc_jurkat-1.zarr","recon-1/em/fibsem-uint8","/projects/weilab/dataset/cellmap/jrc_jurkat-1/jrc_jurkat-1.zarr","recon-1/labels/groundtruth/crop67/[mito]"
"train","/projects/weilab/dataset/cellmap/jrc_jurkat-1/jrc_jurkat-1.zarr","recon-1/em/fibsem-uint8","/projects/weilab/dataset/cellmap/jrc_jurkat-1/jrc_jurkat-1.zarr","recon-1/labels/groundtruth/crop68/[mito]"
"train","/projects/weilab/dataset/cellmap/jrc_jurkat-1/jrc_jurkat-1.zarr","recon-1/em/fibsem-uint8","/projects/weilab/dataset/cellmap/jrc_jurkat-1/jrc_jurkat-1.zarr","recon-1/labels/groundtruth/crop180/[mito]"
"train","/projects/weilab/dataset/cellmap/jrc_jurkat-1/jrc_jurkat-1.zarr","recon-1/em/fibsem-uint8","/projects/weilab/dataset/cellmap/jrc_jurkat-1/jrc_jurkat-1.zarr","recon-1/labels/groundtruth/crop112/[mito]"
"train","/projects/weilab/dataset/cellmap/jrc_jurkat-1/jrc_jurkat-1.zarr","recon-1/em/fibsem-uint8","/projects/weilab/dataset/cellmap/jrc_jurkat-1/jrc_jurkat-1.zarr","recon-1/labels/groundtruth/crop91/[mito]"
"train","/projects/weilab/dataset/cellmap/jrc_jurkat-1/jrc_jurkat-1.zarr","recon-1/em/fibsem-uint8","/projects/weilab/dataset/cellmap/jrc_jurkat-1/jrc_jurkat-1.zarr","recon-1/labels/groundtruth/crop71/[mito]"
"train","/projects/weilab/dataset/cellmap/jrc_jurkat-1/jrc_jurkat-1.zarr","recon-1/em/fibsem-uint8","/projects/weilab/dataset/cellmap/jrc_jurkat-1/jrc_jurkat-1.zarr","recon-1/labels/groundtruth/crop43/[mito]"
"validate","/projects/weilab/dataset/cellmap/jrc_mus-liver/jrc_mus-liver.zarr","recon-1/em/fibsem-uint8","/projects/weilab/dataset/cellmap/jrc_mus-liver/jrc_mus-liver.zarr","recon-1/labels/groundtruth/crop172/[mito]"
"train","/projects/weilab/dataset/cellmap/jrc_mus-liver/jrc_mus-liver.zarr","recon-1/em/fibsem-uint8","/projects/weilab/dataset/cellmap/jrc_mus-liver/jrc_mus-liver.zarr","recon-1/labels/groundtruth/crop171/[mito]"
"train","/projects/weilab/dataset/cellmap/jrc_mus-liver/jrc_mus-liver.zarr","recon-1/em/fibsem-uint8","/projects/weilab/dataset/cellmap/jrc_mus-liver/jrc_mus-liver.zarr","recon-1/labels/groundtruth/crop183/[mito]"
"train","/projects/weilab/dataset/cellmap/jrc_mus-liver/jrc_mus-liver.zarr","recon-1/em/fibsem-uint8","/projects/weilab/dataset/cellmap/jrc_mus-liver/jrc_mus-liver.zarr","recon-1/labels/groundtruth/crop133/[mito]"
"train","/projects/weilab/dataset/cellmap/jrc_mus-liver/jrc_mus-liver.zarr","recon-1/em/fibsem-uint8","/projects/weilab/dataset/cellmap/jrc_mus-liver/jrc_mus-liver.zarr","recon-1/labels/groundtruth/crop157/[mito]"
"train","/projects/weilab/dataset/cellmap/jrc_mus-liver/jrc_mus-liver.zarr","recon-1/em/fibsem-uint8","/projects/weilab/dataset/cellmap/jrc_mus-liver/jrc_mus-liver.zarr","recon-1/labels/groundtruth/crop144/[mito]"
"validate","/projects/weilab/dataset/cellmap/jrc_mus-liver/jrc_mus-liver.zarr","recon-1/em/fibsem-uint8","/projects/weilab/dataset/cellmap/jrc_mus-liver/jrc_mus-liver.zarr","recon-1/labels/groundtruth/crop142/[mito]"
"train","/projects/weilab/dataset/cellmap/jrc_mus-liver/jrc_mus-liver.zarr","recon-1/em/fibsem-uint8","/projects/weilab/dataset/cellmap/jrc_mus-liver/jrc_mus-liver.zarr","recon-1/labels/groundtruth/crop139/[mito]"
"train","/projects/weilab/dataset/cellmap/jrc_mus-liver/jrc_mus-liver.zarr","recon-1/em/fibsem-uint8","/projects/weilab/dataset/cellmap/jrc_mus-liver/jrc_mus-liver.zarr","recon-1/labels/groundtruth/crop151/[mito]"
"train","/projects/weilab/dataset/cellmap/jrc_mus-liver/jrc_mus-liver.zarr","recon-1/em/fibsem-uint8","/projects/weilab/dataset/cellmap/jrc_mus-liver/jrc_mus-liver.zarr","recon-1/labels/groundtruth/crop125/[mito]"
"train","/projects/weilab/dataset/cellmap/jrc_mus-liver/jrc_mus-liver.zarr","recon-1/em/fibsem-uint8","/projects/weilab/dataset/cellmap/jrc_mus-liver/jrc_mus-liver.zarr","recon-1/labels/groundtruth/crop175/[mito]"
"train","/projects/weilab/dataset/cellmap/jrc_mus-liver/jrc_mus-liver.zarr","recon-1/em/fibsem-uint8","/projects/weilab/dataset/cellmap/jrc_mus-liver/jrc_mus-liver.zarr","recon-1/labels/groundtruth/crop124/[mito]"
"train","/projects/weilab/dataset/cellmap/jrc_mus-liver/jrc_mus-liver.zarr","recon-1/em/fibsem-uint8","/projects/weilab/dataset/cellmap/jrc_mus-liver/jrc_mus-liver.zarr","recon-1/labels/groundtruth/crop143/[mito]"
"train","/projects/weilab/dataset/cellmap/jrc_mus-liver/jrc_mus-liver.zarr","recon-1/em/fibsem-uint8","/projects/weilab/dataset/cellmap/jrc_mus-liver/jrc_mus-liver.zarr","recon-1/labels/groundtruth/crop150/[mito]"
"train","/projects/weilab/dataset/cellmap/jrc_mus-liver/jrc_mus-liver.zarr","recon-1/em/fibsem-uint8","/projects/weilab/dataset/cellmap/jrc_mus-liver/jrc_mus-liver.zarr","recon-1/labels/groundtruth/crop416/[mito]"
"train","/projects/weilab/dataset/cellmap/jrc_mus-liver/jrc_mus-liver.zarr","recon-1/em/fibsem-uint8","/projects/weilab/dataset/cellmap/jrc_mus-liver/jrc_mus-liver.zarr","recon-1/labels/groundtruth/crop145/[mito]"
"train","/projects/weilab/dataset/cellmap/jrc_mus-liver/jrc_mus-liver.zarr","recon-1/em/fibsem-uint8","/projects/weilab/dataset/cellmap/jrc_mus-liver/jrc_mus-liver.zarr","recon-1/labels/groundtruth/crop131/[mito]"
"train","/projects/weilab/dataset/cellmap/jrc_mus-liver/jrc_mus-liver.zarr","recon-1/em/fibsem-uint8","/projects/weilab/dataset/cellmap/jrc_mus-liver/jrc_mus-liver.zarr","recon-1/labels/groundtruth/crop417/[mito]"
"train","/projects/weilab/dataset/cellmap/jrc_mus-liver/jrc_mus-liver.zarr","recon-1/em/fibsem-uint8","/projects/weilab/dataset/cellmap/jrc_mus-liver/jrc_mus-liver.zarr","recon-1/labels/groundtruth/crop138/[mito]"
"train","/projects/weilab/dataset/cellmap/jrc_mus-nacc-1/jrc_mus-nacc-1.zarr","recon-1/em/fibsem-uint8","/projects/weilab/dataset/cellmap/jrc_mus-nacc-1/jrc_mus-nacc-1.zarr","recon-1/labels/groundtruth/crop115/[mito]"
"train","/projects/weilab/dataset/cellmap/jrc_hela-3/jrc_hela-3.zarr","recon-1/em/fibsem-uint8","/projects/weilab/dataset/cellmap/jrc_hela-3/jrc_hela-3.zarr","recon-1/labels/groundtruth/crop101/[mito]"
"validate","/projects/weilab/dataset/cellmap/jrc_hela-3/jrc_hela-3.zarr","recon-1/em/fibsem-uint8","/projects/weilab/dataset/cellmap/jrc_hela-3/jrc_hela-3.zarr","recon-1/labels/groundtruth/crop65/[mito]"
"train","/projects/weilab/dataset/cellmap/jrc_hela-3/jrc_hela-3.zarr","recon-1/em/fibsem-uint8","/projects/weilab/dataset/cellmap/jrc_hela-3/jrc_hela-3.zarr","recon-1/labels/groundtruth/crop62/[mito]"
"train","/projects/weilab/dataset/cellmap/jrc_hela-3/jrc_hela-3.zarr","recon-1/em/fibsem-uint8","/projects/weilab/dataset/cellmap/jrc_hela-3/jrc_hela-3.zarr","recon-1/labels/groundtruth/crop50/[mito]"
"train","/projects/weilab/dataset/cellmap/jrc_hela-3/jrc_hela-3.zarr","recon-1/em/fibsem-uint8","/projects/weilab/dataset/cellmap/jrc_hela-3/jrc_hela-3.zarr","recon-1/labels/groundtruth/crop181/[mito]"
"train","/projects/weilab/dataset/cellmap/jrc_hela-3/jrc_hela-3.zarr","recon-1/em/fibsem-uint8","/projects/weilab/dataset/cellmap/jrc_hela-3/jrc_hela-3.zarr","recon-1/labels/groundtruth/crop87/[mito]"
"train","/projects/weilab/dataset/cellmap/jrc_hela-3/jrc_hela-3.zarr","recon-1/em/fibsem-uint8","/projects/weilab/dataset/cellmap/jrc_hela-3/jrc_hela-3.zarr","recon-1/labels/groundtruth/crop34/[mito]"
"train","/projects/weilab/dataset/cellmap/jrc_hela-3/jrc_hela-3.zarr","recon-1/em/fibsem-uint8","/projects/weilab/dataset/cellmap/jrc_hela-3/jrc_hela-3.zarr","recon-1/labels/groundtruth/crop27/[mito]"
"train","/projects/weilab/dataset/cellmap/jrc_hela-3/jrc_hela-3.zarr","recon-1/em/fibsem-uint8","/projects/weilab/dataset/cellmap/jrc_hela-3/jrc_hela-3.zarr","recon-1/labels/groundtruth/crop61/[mito]"
"train","/projects/weilab/dataset/cellmap/jrc_hela-3/jrc_hela-3.zarr","recon-1/em/fibsem-uint8","/projects/weilab/dataset/cellmap/jrc_hela-3/jrc_hela-3.zarr","recon-1/labels/groundtruth/crop100/[mito]"
"train","/projects/weilab/dataset/cellmap/jrc_hela-3/jrc_hela-3.zarr","recon-1/em/fibsem-uint8","/projects/weilab/dataset/cellmap/jrc_hela-3/jrc_hela-3.zarr","recon-1/labels/groundtruth/crop51/[mito]"
"train","/projects/weilab/dataset/cellmap/jrc_hela-3/jrc_hela-3.zarr","recon-1/em/fibsem-uint8","/projects/weilab/dataset/cellmap/jrc_hela-3/jrc_hela-3.zarr","recon-1/labels/groundtruth/crop60/[mito]"
"validate","/projects/weilab/dataset/cellmap/jrc_hela-3/jrc_hela-3.zarr","recon-1/em/fibsem-uint8","/projects/weilab/dataset/cellmap/jrc_hela-3/jrc_hela-3.zarr","recon-1/labels/groundtruth/crop64/[mito]"
"train","/projects/weilab/dataset/cellmap/jrc_hela-3/jrc_hela-3.zarr","recon-1/em/fibsem-uint8","/projects/weilab/dataset/cellmap/jrc_hela-3/jrc_hela-3.zarr","recon-1/labels/groundtruth/crop111/[mito]"
"train","/projects/weilab/dataset/cellmap/jrc_hela-3/jrc_hela-3.zarr","recon-1/em/fibsem-uint8","/projects/weilab/dataset/cellmap/jrc_hela-3/jrc_hela-3.zarr","recon-1/labels/groundtruth/crop33/[mito]"
"train","/projects/weilab/dataset/cellmap/jrc_hela-3/jrc_hela-3.zarr","recon-1/em/fibsem-uint8","/projects/weilab/dataset/cellmap/jrc_hela-3/jrc_hela-3.zarr","recon-1/labels/groundtruth/crop63/[mito]"
"validate","/projects/weilab/dataset/cellmap/jrc_hela-3/jrc_hela-3.zarr","recon-1/em/fibsem-uint8","/projects/weilab/dataset/cellmap/jrc_hela-3/jrc_hela-3.zarr","recon-1/labels/groundtruth/crop86/[mito]"
"train","/projects/weilab/dataset/cellmap/jrc_hela-3/jrc_hela-3.zarr","recon-1/em/fibsem-uint8","/projects/weilab/dataset/cellmap/jrc_hela-3/jrc_hela-3.zarr","recon-1/labels/groundtruth/crop85/[mito]"
"train","/projects/weilab/dataset/cellmap/jrc_fly-vnc-1/jrc_fly-vnc-1.zarr","recon-1/em/fibsem-uint8","/projects/weilab/dataset/cellmap/jrc_fly-vnc-1/jrc_fly-vnc-1.zarr","recon-1/labels/groundtruth/crop174/[mito]"
"validate","/projects/weilab/dataset/cellmap/jrc_fly-vnc-1/jrc_fly-vnc-1.zarr","recon-1/em/fibsem-uint8","/projects/weilab/dataset/cellmap/jrc_fly-vnc-1/jrc_fly-vnc-1.zarr","recon-1/labels/groundtruth/crop78/[mito]"
"train","/projects/weilab/dataset/cellmap/jrc_fly-vnc-1/jrc_fly-vnc-1.zarr","recon-1/em/fibsem-uint8","/projects/weilab/dataset/cellmap/jrc_fly-vnc-1/jrc_fly-vnc-1.zarr","recon-1/labels/groundtruth/crop79/[mito]"
"train","/projects/weilab/dataset/cellmap/jrc_fly-vnc-1/jrc_fly-vnc-1.zarr","recon-1/em/fibsem-uint8","/projects/weilab/dataset/cellmap/jrc_fly-vnc-1/jrc_fly-vnc-1.zarr","recon-1/labels/groundtruth/crop173/[mito]"
"train","/projects/weilab/dataset/cellmap/jrc_fly-vnc-1/jrc_fly-vnc-1.zarr","recon-1/em/fibsem-uint8","/projects/weilab/dataset/cellmap/jrc_fly-vnc-1/jrc_fly-vnc-1.zarr","recon-1/labels/groundtruth/crop185/[mito]"
"train","/projects/weilab/dataset/cellmap/jrc_fly-vnc-1/jrc_fly-vnc-1.zarr","recon-1/em/fibsem-uint8","/projects/weilab/dataset/cellmap/jrc_fly-vnc-1/jrc_fly-vnc-1.zarr","recon-1/labels/groundtruth/crop176/[mito]"
"train","/projects/weilab/dataset/cellmap/jrc_mus-kidney/jrc_mus-kidney.zarr","recon-1/em/fibsem-uint8","/projects/weilab/dataset/cellmap/jrc_mus-kidney/jrc_mus-kidney.zarr","recon-1/labels/groundtruth/crop156/[mito]"
"train","/projects/weilab/dataset/cellmap/jrc_mus-kidney/jrc_mus-kidney.zarr","recon-1/em/fibsem-uint8","/projects/weilab/dataset/cellmap/jrc_mus-kidney/jrc_mus-kidney.zarr","recon-1/labels/groundtruth/crop159/[mito]"
"train","/projects/weilab/dataset/cellmap/jrc_mus-kidney/jrc_mus-kidney.zarr","recon-1/em/fibsem-uint8","/projects/weilab/dataset/cellmap/jrc_mus-kidney/jrc_mus-kidney.zarr","recon-1/labels/groundtruth/crop147/[mito]"
"train","/projects/weilab/dataset/cellmap/jrc_mus-kidney/jrc_mus-kidney.zarr","recon-1/em/fibsem-uint8","/projects/weilab/dataset/cellmap/jrc_mus-kidney/jrc_mus-kidney.zarr","recon-1/labels/groundtruth/crop229/[mito]"
"train","/projects/weilab/dataset/cellmap/jrc_mus-kidney/jrc_mus-kidney.zarr","recon-1/em/fibsem-uint8","/projects/weilab/dataset/cellmap/jrc_mus-kidney/jrc_mus-kidney.zarr","recon-1/labels/groundtruth/crop161/[mito]"
"train","/projects/weilab/dataset/cellmap/jrc_mus-kidney/jrc_mus-kidney.zarr","recon-1/em/fibsem-uint8","/projects/weilab/dataset/cellmap/jrc_mus-kidney/jrc_mus-kidney.zarr","recon-1/labels/groundtruth/crop160/[mito]"
"validate","/projects/weilab/dataset/cellmap/jrc_mus-kidney/jrc_mus-kidney.zarr","recon-1/em/fibsem-uint8","/projects/weilab/dataset/cellmap/jrc_mus-kidney/jrc_mus-kidney.zarr","recon-1/labels/groundtruth/crop165/[mito]"
"train","/projects/weilab/dataset/cellmap/jrc_mus-kidney/jrc_mus-kidney.zarr","recon-1/em/fibsem-uint8","/projects/weilab/dataset/cellmap/jrc_mus-kidney/jrc_mus-kidney.zarr","recon-1/labels/groundtruth/crop163/[mito]"
"train","/projects/weilab/dataset/cellmap/jrc_mus-kidney/jrc_mus-kidney.zarr","recon-1/em/fibsem-uint8","/projects/weilab/dataset/cellmap/jrc_mus-kidney/jrc_mus-kidney.zarr","recon-1/labels/groundtruth/crop148/[mito]"
"train","/projects/weilab/dataset/cellmap/jrc_mus-kidney/jrc_mus-kidney.zarr","recon-1/em/fibsem-uint8","/projects/weilab/dataset/cellmap/jrc_mus-kidney/jrc_mus-kidney.zarr","recon-1/labels/groundtruth/crop162/[mito]"
"train","/projects/weilab/dataset/cellmap/jrc_mus-kidney/jrc_mus-kidney.zarr","recon-1/em/fibsem-uint8","/projects/weilab/dataset/cellmap/jrc_mus-kidney/jrc_mus-kidney.zarr","recon-1/labels/groundtruth/crop146/[mito]"
"train","/projects/weilab/dataset/cellmap/jrc_mus-kidney/jrc_mus-kidney.zarr","recon-1/em/fibsem-uint8","/projects/weilab/dataset/cellmap/jrc_mus-kidney/jrc_mus-kidney.zarr","recon-1/labels/groundtruth/crop141/[mito]"
"train","/projects/weilab/dataset/cellmap/jrc_mus-kidney/jrc_mus-kidney.zarr","recon-1/em/fibsem-uint8","/projects/weilab/dataset/cellmap/jrc_mus-kidney/jrc_mus-kidney.zarr","recon-1/labels/groundtruth/crop149/[mito]"
"train","/projects/weilab/dataset/cellmap/jrc_mus-kidney/jrc_mus-kidney.zarr","recon-1/em/fibsem-uint8","/projects/weilab/dataset/cellmap/jrc_mus-kidney/jrc_mus-kidney.zarr","recon-1/labels/groundtruth/crop164/[mito]"
"train","/projects/weilab/dataset/cellmap/jrc_mus-kidney/jrc_mus-kidney.zarr","recon-1/em/fibsem-uint8","/projects/weilab/dataset/cellmap/jrc_mus-kidney/jrc_mus-kidney.zarr","recon-1/labels/groundtruth/crop158/[mito]"
"train","/projects/weilab/dataset/cellmap/jrc_mus-kidney/jrc_mus-kidney.zarr","recon-1/em/fibsem-uint8","/projects/weilab/dataset/cellmap/jrc_mus-kidney/jrc_mus-kidney.zarr","recon-1/labels/groundtruth/crop140/[mito]"
"train","/projects/weilab/dataset/cellmap/jrc_mus-kidney/jrc_mus-kidney.zarr","recon-1/em/fibsem-uint8","/projects/weilab/dataset/cellmap/jrc_mus-kidney/jrc_mus-kidney.zarr","recon-1/labels/groundtruth/crop166/[mito]"
"train","/projects/weilab/dataset/cellmap/jrc_macrophage-2/jrc_macrophage-2.zarr","recon-1/em/fibsem-uint8","/projects/weilab/dataset/cellmap/jrc_macrophage-2/jrc_macrophage-2.zarr","recon-1/labels/groundtruth/crop74/[mito]"
"train","/projects/weilab/dataset/cellmap/jrc_macrophage-2/jrc_macrophage-2.zarr","recon-1/em/fibsem-uint8","/projects/weilab/dataset/cellmap/jrc_macrophage-2/jrc_macrophage-2.zarr","recon-1/labels/groundtruth/crop32/[mito]"
"validate","/projects/weilab/dataset/cellmap/jrc_macrophage-2/jrc_macrophage-2.zarr","recon-1/em/fibsem-uint8","/projects/weilab/dataset/cellmap/jrc_macrophage-2/jrc_macrophage-2.zarr","recon-1/labels/groundtruth/crop31/[mito]"
"train","/projects/weilab/dataset/cellmap/jrc_macrophage-2/jrc_macrophage-2.zarr","recon-1/em/fibsem-uint8","/projects/weilab/dataset/cellmap/jrc_macrophage-2/jrc_macrophage-2.zarr","recon-1/labels/groundtruth/crop76/[mito]"
"train","/projects/weilab/dataset/cellmap/jrc_macrophage-2/jrc_macrophage-2.zarr","recon-1/em/fibsem-uint8","/projects/weilab/dataset/cellmap/jrc_macrophage-2/jrc_macrophage-2.zarr","recon-1/labels/groundtruth/crop88/[mito]"
"train","/projects/weilab/dataset/cellmap/jrc_macrophage-2/jrc_macrophage-2.zarr","recon-1/em/fibsem-uint8","/projects/weilab/dataset/cellmap/jrc_macrophage-2/jrc_macrophage-2.zarr","recon-1/labels/groundtruth/crop90/[mito]"
"train","/projects/weilab/dataset/cellmap/jrc_macrophage-2/jrc_macrophage-2.zarr","recon-1/em/fibsem-uint8","/projects/weilab/dataset/cellmap/jrc_macrophage-2/jrc_macrophage-2.zarr","recon-1/labels/groundtruth/crop40/[mito]"
"train","/projects/weilab/dataset/cellmap/jrc_macrophage-2/jrc_macrophage-2.zarr","recon-1/em/fibsem-uint8","/projects/weilab/dataset/cellmap/jrc_macrophage-2/jrc_macrophage-2.zarr","recon-1/labels/groundtruth/crop109/[mito]"
"train","/projects/weilab/dataset/cellmap/jrc_macrophage-2/jrc_macrophage-2.zarr","recon-1/em/fibsem-uint8","/projects/weilab/dataset/cellmap/jrc_macrophage-2/jrc_macrophage-2.zarr","recon-1/labels/groundtruth/crop72/[mito]"
"validate","/projects/weilab/dataset/cellmap/jrc_macrophage-2/jrc_macrophage-2.zarr","recon-1/em/fibsem-uint8","/projects/weilab/dataset/cellmap/jrc_macrophage-2/jrc_macrophage-2.zarr","recon-1/labels/groundtruth/crop89/[mito]"
"train","/projects/weilab/dataset/cellmap/jrc_macrophage-2/jrc_macrophage-2.zarr","recon-1/em/fibsem-uint8","/projects/weilab/dataset/cellmap/jrc_macrophage-2/jrc_macrophage-2.zarr","recon-1/labels/groundtruth/crop73/[mito]"
"train","/projects/weilab/dataset/cellmap/jrc_macrophage-2/jrc_macrophage-2.zarr","recon-1/em/fibsem-uint8","/projects/weilab/dataset/cellmap/jrc_macrophage-2/jrc_macrophage-2.zarr","recon-1/labels/groundtruth/crop77/[mito]"
"train","/projects/weilab/dataset/cellmap/jrc_macrophage-2/jrc_macrophage-2.zarr","recon-1/em/fibsem-uint8","/projects/weilab/dataset/cellmap/jrc_macrophage-2/jrc_macrophage-2.zarr","recon-1/labels/groundtruth/crop110/[mito]"
"train","/projects/weilab/dataset/cellmap/jrc_macrophage-2/jrc_macrophage-2.zarr","recon-1/em/fibsem-uint8","/projects/weilab/dataset/cellmap/jrc_macrophage-2/jrc_macrophage-2.zarr","recon-1/labels/groundtruth/crop39/[mito]"
"train","/projects/weilab/dataset/cellmap/jrc_macrophage-2/jrc_macrophage-2.zarr","recon-1/em/fibsem-uint8","/projects/weilab/dataset/cellmap/jrc_macrophage-2/jrc_macrophage-2.zarr","recon-1/labels/groundtruth/crop42/[mito]"
"train","/projects/weilab/dataset/cellmap/jrc_macrophage-2/jrc_macrophage-2.zarr","recon-1/em/fibsem-uint8","/projects/weilab/dataset/cellmap/jrc_macrophage-2/jrc_macrophage-2.zarr","recon-1/labels/groundtruth/crop48/[mito]"
"train","/projects/weilab/dataset/cellmap/jrc_macrophage-2/jrc_macrophage-2.zarr","recon-1/em/fibsem-uint8","/projects/weilab/dataset/cellmap/jrc_macrophage-2/jrc_macrophage-2.zarr","recon-1/labels/groundtruth/crop49/[mito]"
"train","/projects/weilab/dataset/cellmap/jrc_macrophage-2/jrc_macrophage-2.zarr","recon-1/em/fibsem-uint8","/projects/weilab/dataset/cellmap/jrc_macrophage-2/jrc_macrophage-2.zarr","recon-1/labels/groundtruth/crop75/[mito]"
