"train","/projects/weilab/dataset/cellmap/jrc_cos7-1b/jrc_cos7-1b.zarr","recon-1/em/fibsem-uint8","/projects/weilab/dataset/cellmap/jrc_cos7-1b/jrc_cos7-1b.zarr","recon-1/labels/groundtruth/crop249/[nuc,mito,er,golgi,ves]"
"train","/projects/weilab/dataset/cellmap/jrc_cos7-1b/jrc_cos7-1b.zarr","recon-1/em/fibsem-uint8","/projects/weilab/dataset/cellmap/jrc_cos7-1b/jrc_cos7-1b.zarr","recon-1/labels/groundtruth/crop258/[nuc,mito,er,golgi,ves]"
"train","/projects/weilab/dataset/cellmap/jrc_cos7-1b/jrc_cos7-1b.zarr","recon-1/em/fibsem-uint8","/projects/weilab/dataset/cellmap/jrc_cos7-1b/jrc_cos7-1b.zarr","recon-1/labels/groundtruth/crop245/[nuc,mito,er,golgi,ves]"
"train","/projects/weilab/dataset/cellmap/jrc_cos7-1b/jrc_cos7-1b.zarr","recon-1/em/fibsem-uint8","/projects/weilab/dataset/cellmap/jrc_cos7-1b/jrc_cos7-1b.zarr","recon-1/labels/groundtruth/crop259/[nuc,mito,er,golgi,ves]"
"train","/projects/weilab/dataset/cellmap/jrc_cos7-1b/jrc_cos7-1b.zarr","recon-1/em/fibsem-uint8","/projects/weilab/dataset/cellmap/jrc_cos7-1b/jrc_cos7-1b.zarr","recon-1/labels/groundtruth/crop240/[nuc,mito,er,golgi,ves]"
"train","/projects/weilab/dataset/cellmap/jrc_cos7-1b/jrc_cos7-1b.zarr","recon-1/em/fibsem-uint8","/projects/weilab/dataset/cellmap/jrc_cos7-1b/jrc_cos7-1b.zarr","recon-1/labels/groundtruth/crop242/[nuc,mito,er,golgi,ves]"
"validate","/projects/weilab/dataset/cellmap/jrc_cos7-1b/jrc_cos7-1b.zarr","recon-1/em/fibsem-uint8","/projects/weilab/dataset/cellmap/jrc_cos7-1b/jrc_cos7-1b.zarr","recon-1/labels/groundtruth/crop255/[nuc,mito,er,golgi,ves]"
"train","/projects/weilab/dataset/cellmap/jrc_cos7-1b/jrc_cos7-1b.zarr","recon-1/em/fibsem-uint8","/projects/weilab/dataset/cellmap/jrc_cos7-1b/jrc_cos7-1b.zarr","recon-1/labels/groundtruth/crop241/[nuc,mito,er,golgi,ves]"
"train","/projects/weilab/dataset/cellmap/jrc_cos7-1b/jrc_cos7-1b.zarr","recon-1/em/fibsem-uint8","/projects/weilab/dataset/cellmap/jrc_cos7-1b/jrc_cos7-1b.zarr","recon-1/labels/groundtruth/crop235/[nuc,mito,er,golgi,ves]"
"train","/projects/weilab/dataset/cellmap/jrc_cos7-1b/jrc_cos7-1b.zarr","recon-1/em/fibsem-uint8","/projects/weilab/dataset/cellmap/jrc_cos7-1b/jrc_cos7-1b.zarr","recon-1/labels/groundtruth/crop291/[nuc,mito,er,golgi,ves]"
"validate","/projects/weilab/dataset/cellmap/jrc_cos7-1b/jrc_cos7-1b.zarr","recon-1/em/fibsem-uint8","/projects/weilab/dataset/cellmap/jrc_cos7-1b/jrc_cos7-1b.zarr","recon-1/labels/groundtruth/crop238/[nuc,mito]"
"train","/projects/weilab/dataset/cellmap/jrc_hela-2/jrc_hela-2.zarr","recon-1/em/fibsem-uint8","/projects/weilab/dataset/cellmap/jrc_hela-2/jrc_hela-2.zarr","recon-1/labels/groundtruth/crop57/[nuc,mito,er,golgi,ves]"
"train","/projects/weilab/dataset/cellmap/jrc_hela-2/jrc_hela-2.zarr","recon-1/em/fibsem-uint8","/projects/weilab/dataset/cellmap/jrc_hela-2/jrc_hela-2.zarr","recon-1/labels/groundtruth/crop113/[nuc,mito,er,golgi,ves]"
"train","/projects/weilab/dataset/cellmap/jrc_hela-2/jrc_hela-2.zarr","recon-1/em/fibsem-uint8","/projects/weilab/dataset/cellmap/jrc_hela-2/jrc_hela-2.zarr","recon-1/labels/groundtruth/crop4/[nuc,mito,er,golgi,ves]"
"train","/projects/weilab/dataset/cellmap/jrc_hela-2/jrc_hela-2.zarr","recon-1/em/fibsem-uint8","/projects/weilab/dataset/cellmap/jrc_hela-2/jrc_hela-2.zarr","recon-1/labels/groundtruth/crop6/[nuc,mito,er,golgi,ves]"
"train","/projects/weilab/dataset/cellmap/jrc_hela-2/jrc_hela-2.zarr","recon-1/em/fibsem-uint8","/projects/weilab/dataset/cellmap/jrc_hela-2/jrc_hela-2.zarr","recon-1/labels/groundtruth/crop23/[nuc,mito,er,golgi,ves]"
"train","/projects/weilab/dataset/cellmap/jrc_hela-2/jrc_hela-2.zarr","recon-1/em/fibsem-uint8","/projects/weilab/dataset/cellmap/jrc_hela-2/jrc_hela-2.zarr","recon-1/labels/groundtruth/crop14/[nuc,mito,er,golgi,ves]"
"train","/projects/weilab/dataset/cellmap/jrc_hela-2/jrc_hela-2.zarr","recon-1/em/fibsem-uint8","/projects/weilab/dataset/cellmap/jrc_hela-2/jrc_hela-2.zarr","recon-1/labels/groundtruth/crop155/[nuc,mito,er,golgi,ves]"
"train","/projects/weilab/dataset/cellmap/jrc_hela-2/jrc_hela-2.zarr","recon-1/em/fibsem-uint8","/projects/weilab/dataset/cellmap/jrc_hela-2/jrc_hela-2.zarr","recon-1/labels/groundtruth/crop9/[nuc,mito,er,golgi,ves]"
"train","/projects/weilab/dataset/cellmap/jrc_hela-2/jrc_hela-2.zarr","recon-1/em/fibsem-uint8","/projects/weilab/dataset/cellmap/jrc_hela-2/jrc_hela-2.zarr","recon-1/labels/groundtruth/crop96/[nuc,mito,er,golgi,ves]"
"train","/projects/weilab/dataset/cellmap/jrc_hela-2/jrc_hela-2.zarr","recon-1/em/fibsem-uint8","/projects/weilab/dataset/cellmap/jrc_hela-2/jrc_hela-2.zarr","recon-1/labels/groundtruth/crop8/[nuc,mito,er,golgi,ves]"
"train","/projects/weilab/dataset/cellmap/jrc_hela-2/jrc_hela-2.zarr","recon-1/em/fibsem-uint8","/projects/weilab/dataset/cellmap/jrc_hela-2/jrc_hela-2.zarr","recon-1/labels/groundtruth/crop3/[nuc,mito,er,golgi,ves]"
"train","/projects/weilab/dataset/cellmap/jrc_hela-2/jrc_hela-2.zarr","recon-1/em/fibsem-uint8","/projects/weilab/dataset/cellmap/jrc_hela-2/jrc_hela-2.zarr","recon-1/labels/groundtruth/crop7/[nuc,mito,er,golgi,ves]"
"train","/projects/weilab/dataset/cellmap/jrc_hela-2/jrc_hela-2.zarr","recon-1/em/fibsem-uint8","/projects/weilab/dataset/cellmap/jrc_hela-2/jrc_hela-2.zarr","recon-1/labels/groundtruth/crop1/[nuc,mito,er,golgi,ves]"
"train","/projects/weilab/dataset/cellmap/jrc_hela-2/jrc_hela-2.zarr","recon-1/em/fibsem-uint8","/projects/weilab/dataset/cellmap/jrc_hela-2/jrc_hela-2.zarr","recon-1/labels/groundtruth/crop95/[nuc,mito,er,golgi,ves]"
"train","/projects/weilab/dataset/cellmap/jrc_hela-2/jrc_hela-2.zarr","recon-1/em/fibsem-uint8","/projects/weilab/dataset/cellmap/jrc_hela-2/jrc_hela-2.zarr","recon-1/labels/groundtruth/crop28/[nuc,mito,er,golgi,ves]"
"train","/projects/weilab/dataset/cellmap/jrc_hela-2/jrc_hela-2.zarr","recon-1/em/fibsem-uint8","/projects/weilab/dataset/cellmap/jrc_hela-2/jrc_hela-2.zarr","recon-1/labels/groundtruth/crop15/[nuc,mito,er,golgi,ves]"
"train","/projects/weilab/dataset/cellmap/jrc_hela-2/jrc_hela-2.zarr","recon-1/em/fibsem-uint8","/projects/weilab/dataset/cellmap/jrc_hela-2/jrc_hela-2.zarr","recon-1/labels/groundtruth/crop54/[nuc,mito,er,golgi,ves]"
"train","/projects/weilab/dataset/cellmap/jrc_hela-2/jrc_hela-2.zarr","recon-1/em/fibsem-uint8","/projects/weilab/dataset/cellmap/jrc_hela-2/jrc_hela-2.zarr","recon-1/labels/groundtruth/crop19/[nuc,mito,er,golgi,ves]"
"validate","/projects/weilab/dataset/cellmap/jrc_hela-2/jrc_hela-2.zarr","recon-1/em/fibsem-uint8","/projects/weilab/dataset/cellmap/jrc_hela-2/jrc_hela-2.zarr","recon-1/labels/groundtruth/crop58/[nuc,mito,er,golgi,ves]"
"train","/projects/weilab/dataset/cellmap/jrc_hela-2/jrc_hela-2.zarr","recon-1/em/fibsem-uint8","/projects/weilab/dataset/cellmap/jrc_hela-2/jrc_hela-2.zarr","recon-1/labels/groundtruth/crop94/[nuc,mito,er,golgi,ves]"
"train","/projects/weilab/dataset/cellmap/jrc_hela-2/jrc_hela-2.zarr","recon-1/em/fibsem-uint8","/projects/weilab/dataset/cellmap/jrc_hela-2/jrc_hela-2.zarr","recon-1/labels/groundtruth/crop16/[nuc,mito,er,golgi,ves]"
"validate","/projects/weilab/dataset/cellmap/jrc_hela-2/jrc_hela-2.zarr","recon-1/em/fibsem-uint8","/projects/weilab/dataset/cellmap/jrc_hela-2/jrc_hela-2.zarr","recon-1/labels/groundtruth/crop59/[nuc,mito,er,golgi,ves]"
"train","/projects/weilab/dataset/cellmap/jrc_hela-2/jrc_hela-2.zarr","recon-1/em/fibsem-uint8","/projects/weilab/dataset/cellmap/jrc_hela-2/jrc_hela-2.zarr","recon-1/labels/groundtruth/crop18/[nuc,mito,er,golgi,ves]"
"train","/projects/weilab/dataset/cellmap/jrc_hela-2/jrc_hela-2.zarr","recon-1/em/fibsem-uint8","/projects/weilab/dataset/cellmap/jrc_hela-2/jrc_hela-2.zarr","recon-1/labels/groundtruth/crop55/[nuc,mito,er,golgi,ves]"
"train","/projects/weilab/dataset/cellmap/jrc_hela-2/jrc_hela-2.zarr","recon-1/em/fibsem-uint8","/projects/weilab/dataset/cellmap/jrc_hela-2/jrc_hela-2.zarr","recon-1/labels/groundtruth/crop13/[nuc,mito,er,golgi,ves]"
"train","/projects/weilab/dataset/cellmap/jrc_hela-2/jrc_hela-2.zarr","recon-1/em/fibsem-uint8","/projects/weilab/dataset/cellmap/jrc_hela-2/jrc_hela-2.zarr","recon-1/labels/groundtruth/crop56/[nuc,mito,er,golgi,ves]"
"validate","/projects/weilab/dataset/cellmap/jrc_sum159-4/jrc_sum159-4.zarr","recon-1/em/fibsem-uint8","/projects/weilab/dataset/cellmap/jrc_sum159-4/jrc_sum159-4.zarr","recon-1/labels/groundtruth/crop208/[nuc,mito,er,golgi,ves]"
"train","/projects/weilab/dataset/cellmap/jrc_sum159-4/jrc_sum159-4.zarr","recon-1/em/fibsem-uint8","/projects/weilab/dataset/cellmap/jrc_sum159-4/jrc_sum159-4.zarr","recon-1/labels/groundtruth/crop219/[nuc,mito,er,golgi,ves]"
"train","/projects/weilab/dataset/cellmap/jrc_sum159-4/jrc_sum159-4.zarr","recon-1/em/fibsem-uint8","/projects/weilab/dataset/cellmap/jrc_sum159-4/jrc_sum159-4.zarr","recon-1/labels/groundtruth/crop188/[nuc,mito,er,golgi,ves]"
"train","/projects/weilab/dataset/cellmap/jrc_sum159-4/jrc_sum159-4.zarr","recon-1/em/fibsem-uint8","/projects/weilab/dataset/cellmap/jrc_sum159-4/jrc_sum159-4.zarr","recon-1/labels/groundtruth/crop201/[nuc,mito,er,golgi,ves]"
"train","/projects/weilab/dataset/cellmap/jrc_sum159-4/jrc_sum159-4.zarr","recon-1/em/fibsem-uint8","/projects/weilab/dataset/cellmap/jrc_sum159-4/jrc_sum159-4.zarr","recon-1/labels/groundtruth/crop206/[nuc,mito,er,golgi,ves]"
"validate","/projects/weilab/dataset/cellmap/jrc_sum159-4/jrc_sum159-4.zarr","recon-1/em/fibsem-uint8","/projects/weilab/dataset/cellmap/jrc_sum159-4/jrc_sum159-4.zarr","recon-1/labels/groundtruth/crop213/[nuc,mito,er,golgi,ves]"
"train","/projects/weilab/dataset/cellmap/jrc_sum159-4/jrc_sum159-4.zarr","recon-1/em/fibsem-uint8","/projects/weilab/dataset/cellmap/jrc_sum159-4/jrc_sum159-4.zarr","recon-1/labels/groundtruth/crop203/[nuc,mito,er,golgi,ves]"
"train","/projects/weilab/dataset/cellmap/jrc_sum159-4/jrc_sum159-4.zarr","recon-1/em/fibsem-uint8","/projects/weilab/dataset/cellmap/jrc_sum159-4/jrc_sum159-4.zarr","recon-1/labels/groundtruth/crop186/[nuc,mito,er,golgi,ves]"
"train","/projects/weilab/dataset/cellmap/jrc_sum159-4/jrc_sum159-4.zarr","recon-1/em/fibsem-uint8","/projects/weilab/dataset/cellmap/jrc_sum159-4/jrc_sum159-4.zarr","recon-1/labels/groundtruth/crop212/[nuc,mito,er,golgi,ves]"
"train","/projects/weilab/dataset/cellmap/jrc_sum159-4/jrc_sum159-4.zarr","recon-1/em/fibsem-uint8","/projects/weilab/dataset/cellmap/jrc_sum159-4/jrc_sum159-4.zarr","recon-1/labels/groundtruth/crop216/[nuc,mito,er,golgi,ves]"
"train","/projects/weilab/dataset/cellmap/jrc_sum159-4/jrc_sum159-4.zarr","recon-1/em/fibsem-uint8","/projects/weilab/dataset/cellmap/jrc_sum159-4/jrc_sum159-4.zarr","recon-1/labels/groundtruth/crop211/[nuc,mito]"
"train","/projects/weilab/dataset/cellmap/jrc_sum159-4/jrc_sum159-4.zarr","recon-1/em/fibsem-uint8","/projects/weilab/dataset/cellmap/jrc_sum159-4/jrc_sum159-4.zarr","recon-1/labels/groundtruth/crop210/[nuc,mito,er,golgi,ves]"
"train","/projects/weilab/dataset/cellmap/jrc_sum159-4/jrc_sum159-4.zarr","recon-1/em/fibsem-uint8","/projects/weilab/dataset/cellmap/jrc_sum159-4/jrc_sum159-4.zarr","recon-1/labels/groundtruth/crop218/[nuc,mito,er,golgi,ves]"
"train","/projects/weilab/dataset/cellmap/jrc_sum159-4/jrc_sum159-4.zarr","recon-1/em/fibsem-uint8","/projects/weilab/dataset/cellmap/jrc_sum159-4/jrc_sum159-4.zarr","recon-1/labels/groundtruth/crop187/[nuc,mito,er,golgi,ves]"
"train","/projects/weilab/dataset/cellmap/jrc_sum159-4/jrc_sum159-4.zarr","recon-1/em/fibsem-uint8","/projects/weilab/dataset/cellmap/jrc_sum159-4/jrc_sum159-4.zarr","recon-1/labels/groundtruth/crop217/[nuc,mito,er,golgi,ves]"
"train","/projects/weilab/dataset/cellmap/jrc_sum159-4/jrc_sum159-4.zarr","recon-1/em/fibsem-uint8","/projects/weilab/dataset/cellmap/jrc_sum159-4/jrc_sum159-4.zarr","recon-1/labels/groundtruth/crop209/[nuc,mito,er,golgi,ves]"
"train","/projects/weilab/dataset/cellmap/jrc_sum159-4/jrc_sum159-4.zarr","recon-1/em/fibsem-uint8","/projects/weilab/dataset/cellmap/jrc_sum159-4/jrc_sum159-4.zarr","recon-1/labels/groundtruth/crop202/[nuc,mito,er,golgi,ves]"
"train","/projects/weilab/dataset/cellmap/jrc_sum159-4/jrc_sum159-4.zarr","recon-1/em/fibsem-uint8","/projects/weilab/dataset/cellmap/jrc_sum159-4/jrc_sum159-4.zarr","recon-1/labels/groundtruth/crop189/[nuc,mito,er,golgi,ves]"
"validate","/projects/weilab/dataset/cellmap/jrc_mus-liver-zon-2/jrc_mus-liver-zon-2.zarr","recon-1/em/fibsem-uint8","/projects/weilab/dataset/cellmap/jrc_mus-liver-zon-2/jrc_mus-liver-zon-2.zarr","recon-1/labels/groundtruth/crop376/[nuc,mito,er,golgi,ves]"
"train","/projects/weilab/dataset/cellmap/jrc_mus-liver-zon-2/jrc_mus-liver-zon-2.zarr","recon-1/em/fibsem-uint8","/projects/weilab/dataset/cellmap/jrc_mus-liver-zon-2/jrc_mus-liver-zon-2.zarr","recon-1/labels/groundtruth/crop370/[nuc,mito,er,golgi,ves]"
"train","/projects/weilab/dataset/cellmap/jrc_mus-liver-zon-2/jrc_mus-liver-zon-2.zarr","recon-1/em/fibsem-uint8","/projects/weilab/dataset/cellmap/jrc_mus-liver-zon-2/jrc_mus-liver-zon-2.zarr","recon-1/labels/groundtruth/crop368/[nuc,mito,er,golgi,ves]"
"train","/projects/weilab/dataset/cellmap/jrc_mus-liver-zon-2/jrc_mus-liver-zon-2.zarr","recon-1/em/fibsem-uint8","/projects/weilab/dataset/cellmap/jrc_mus-liver-zon-2/jrc_mus-liver-zon-2.zarr","recon-1/labels/groundtruth/crop342/[nuc,mito,er,golgi,ves]"
"train","/projects/weilab/dataset/cellmap/jrc_mus-liver-zon-2/jrc_mus-liver-zon-2.zarr","recon-1/em/fibsem-uint8","/projects/weilab/dataset/cellmap/jrc_mus-liver-zon-2/jrc_mus-liver-zon-2.zarr","recon-1/labels/groundtruth/crop369/[nuc,mito,er,golgi,ves]"
"train","/projects/weilab/dataset/cellmap/jrc_mus-liver-zon-2/jrc_mus-liver-zon-2.zarr","recon-1/em/fibsem-uint8","/projects/weilab/dataset/cellmap/jrc_mus-liver-zon-2/jrc_mus-liver-zon-2.zarr","recon-1/labels/groundtruth/crop341/[nuc,mito,er,golgi,ves]"
"train","/projects/weilab/dataset/cellmap/jrc_mus-liver-zon-2/jrc_mus-liver-zon-2.zarr","recon-1/em/fibsem-uint8","/projects/weilab/dataset/cellmap/jrc_mus-liver-zon-2/jrc_mus-liver-zon-2.zarr","recon-1/labels/groundtruth/crop333/[nuc,mito,er,golgi,ves]"
"train","/projects/weilab/dataset/cellmap/jrc_mus-liver-zon-2/jrc_mus-liver-zon-2.zarr","recon-1/em/fibsem-uint8","/projects/weilab/dataset/cellmap/jrc_mus-liver-zon-2/jrc_mus-liver-zon-2.zarr","recon-1/labels/groundtruth/crop340/[nuc,mito,er,golgi,ves]"
"train","/projects/weilab/dataset/cellmap/jrc_fly-mb-1a/jrc_fly-mb-1a.zarr","recon-1/em/fibsem-uint8","/projects/weilab/dataset/cellmap/jrc_fly-mb-1a/jrc_fly-mb-1a.zarr","recon-1/labels/groundtruth/crop122/[nuc,mito,er,golgi,ves]"
"train","/projects/weilab/dataset/cellmap/jrc_fly-mb-1a/jrc_fly-mb-1a.zarr","recon-1/em/fibsem-uint8","/projects/weilab/dataset/cellmap/jrc_fly-mb-1a/jrc_fly-mb-1a.zarr","recon-1/labels/groundtruth/crop123/[nuc,mito,er,golgi,ves]"
"validate","/projects/weilab/dataset/cellmap/jrc_fly-mb-1a/jrc_fly-mb-1a.zarr","recon-1/em/fibsem-uint8","/projects/weilab/dataset/cellmap/jrc_fly-mb-1a/jrc_fly-mb-1a.zarr","recon-1/labels/groundtruth/crop134/[nuc,mito,er,golgi,ves]"
"train","/projects/weilab/dataset/cellmap/jrc_fly-mb-1a/jrc_fly-mb-1a.zarr","recon-1/em/fibsem-uint8","/projects/weilab/dataset/cellmap/jrc_fly-mb-1a/jrc_fly-mb-1a.zarr","recon-1/labels/groundtruth/crop120/[nuc,mito,er,golgi,ves]"
"train","/projects/weilab/dataset/cellmap/jrc_fly-mb-1a/jrc_fly-mb-1a.zarr","recon-1/em/fibsem-uint8","/projects/weilab/dataset/cellmap/jrc_fly-mb-1a/jrc_fly-mb-1a.zarr","recon-1/labels/groundtruth/crop121/[nuc,mito,er,golgi,ves]"
"train","/projects/weilab/dataset/cellmap/jrc_fly-mb-1a/jrc_fly-mb-1a.zarr","recon-1/em/fibsem-uint8","/projects/weilab/dataset/cellmap/jrc_fly-mb-1a/jrc_fly-mb-1a.zarr","recon-1/labels/groundtruth/crop178/[nuc,mito,er,golgi,ves]"
"train","/projects/weilab/dataset/cellmap/jrc_mus-liver-zon-1/jrc_mus-liver-zon-1.zarr","recon-1/em/fibsem-uint8","/projects/weilab/dataset/cellmap/jrc_mus-liver-zon-1/jrc_mus-liver-zon-1.zarr","recon-1/labels/groundtruth/crop268/[nuc,mito,er,golgi,ves]"
"train","/projects/weilab/dataset/cellmap/jrc_mus-liver-zon-1/jrc_mus-liver-zon-1.zarr","recon-1/em/fibsem-uint8","/projects/weilab/dataset/cellmap/jrc_mus-liver-zon-1/jrc_mus-liver-zon-1.zarr","recon-1/labels/groundtruth/crop276/[nuc,mito,er,golgi,ves]"
"train","/projects/weilab/dataset/cellmap/jrc_mus-liver-zon-1/jrc_mus-liver-zon-1.zarr","recon-1/em/fibsem-uint8","/projects/weilab/dataset/cellmap/jrc_mus-liver-zon-1/jrc_mus-liver-zon-1.zarr","recon-1/labels/groundtruth/crop275/[nuc,mito,er,golgi,ves]"
"train","/projects/weilab/dataset/cellmap/jrc_mus-liver-zon-1/jrc_mus-liver-zon-1.zarr","recon-1/em/fibsem-uint8","/projects/weilab/dataset/cellmap/jrc_mus-liver-zon-1/jrc_mus-liver-zon-1.zarr","recon-1/labels/groundtruth/crop270/[nuc,mito,er,golgi,ves]"
"train","/projects/weilab/dataset/cellmap/jrc_mus-liver-zon-1/jrc_mus-liver-zon-1.zarr","recon-1/em/fibsem-uint8","/projects/weilab/dataset/cellmap/jrc_mus-liver-zon-1/jrc_mus-liver-zon-1.zarr","recon-1/labels/groundtruth/crop321/[nuc,mito,er,golgi,ves]"
"validate","/projects/weilab/dataset/cellmap/jrc_mus-liver-zon-1/jrc_mus-liver-zon-1.zarr","recon-1/em/fibsem-uint8","/projects/weilab/dataset/cellmap/jrc_mus-liver-zon-1/jrc_mus-liver-zon-1.zarr","recon-1/labels/groundtruth/crop320/[nuc,mito,er,golgi,ves]"
"train","/projects/weilab/dataset/cellmap/jrc_mus-liver-zon-1/jrc_mus-liver-zon-1.zarr","recon-1/em/fibsem-uint8","/projects/weilab/dataset/cellmap/jrc_mus-liver-zon-1/jrc_mus-liver-zon-1.zarr","recon-1/labels/groundtruth/crop277/[nuc,mito,er,golgi,ves]"
"train","/projects/weilab/dataset/cellmap/jrc_mus-liver-zon-1/jrc_mus-liver-zon-1.zarr","recon-1/em/fibsem-uint8","/projects/weilab/dataset/cellmap/jrc_mus-liver-zon-1/jrc_mus-liver-zon-1.zarr","recon-1/labels/groundtruth/crop280/[nuc,mito,er,golgi,ves]"
"train","/projects/weilab/dataset/cellmap/jrc_mus-liver-zon-1/jrc_mus-liver-zon-1.zarr","recon-1/em/fibsem-uint8","/projects/weilab/dataset/cellmap/jrc_mus-liver-zon-1/jrc_mus-liver-zon-1.zarr","recon-1/labels/groundtruth/crop278/[nuc,mito,er,golgi,ves]"
"train","/projects/weilab/dataset/cellmap/jrc_mus-liver-zon-1/jrc_mus-liver-zon-1.zarr","recon-1/em/fibsem-uint8","/projects/weilab/dataset/cellmap/jrc_mus-liver-zon-1/jrc_mus-liver-zon-1.zarr","recon-1/labels/groundtruth/crop325/[nuc,mito,er,golgi,ves]"
"train","/projects/weilab/dataset/cellmap/jrc_mus-liver-zon-1/jrc_mus-liver-zon-1.zarr","recon-1/em/fibsem-uint8","/projects/weilab/dataset/cellmap/jrc_mus-liver-zon-1/jrc_mus-liver-zon-1.zarr","recon-1/labels/groundtruth/crop313/[nuc,mito,er,golgi,ves]"
"train","/projects/weilab/dataset/cellmap/jrc_mus-liver-zon-1/jrc_mus-liver-zon-1.zarr","recon-1/em/fibsem-uint8","/projects/weilab/dataset/cellmap/jrc_mus-liver-zon-1/jrc_mus-liver-zon-1.zarr","recon-1/labels/groundtruth/crop298/[nuc,mito,er,golgi,ves]"
"train","/projects/weilab/dataset/cellmap/jrc_mus-liver-zon-1/jrc_mus-liver-zon-1.zarr","recon-1/em/fibsem-uint8","/projects/weilab/dataset/cellmap/jrc_mus-liver-zon-1/jrc_mus-liver-zon-1.zarr","recon-1/labels/groundtruth/crop323/[nuc,mito,er,golgi,ves]"
"validate","/projects/weilab/dataset/cellmap/jrc_mus-liver-zon-1/jrc_mus-liver-zon-1.zarr","recon-1/em/fibsem-uint8","/projects/weilab/dataset/cellmap/jrc_mus-liver-zon-1/jrc_mus-liver-zon-1.zarr","recon-1/labels/groundtruth/crop326/[nuc,mito,er,golgi,ves]"
"train","/projects/weilab/dataset/cellmap/jrc_mus-liver-zon-1/jrc_mus-liver-zon-1.zarr","recon-1/em/fibsem-uint8","/projects/weilab/dataset/cellmap/jrc_mus-liver-zon-1/jrc_mus-liver-zon-1.zarr","recon-1/labels/groundtruth/crop273/[nuc,mito,er,golgi,ves]"
"validate","/projects/weilab/dataset/cellmap/jrc_mus-liver-zon-1/jrc_mus-liver-zon-1.zarr","recon-1/em/fibsem-uint8","/projects/weilab/dataset/cellmap/jrc_mus-liver-zon-1/jrc_mus-liver-zon-1.zarr","recon-1/labels/groundtruth/crop266/[nuc,mito,er,golgi,ves]"
"train","/projects/weilab/dataset/cellmap/jrc_mus-liver-zon-1/jrc_mus-liver-zon-1.zarr","recon-1/em/fibsem-uint8","/projects/weilab/dataset/cellmap/jrc_mus-liver-zon-1/jrc_mus-liver-zon-1.zarr","recon-1/labels/groundtruth/crop279/[nuc,mito,er,golgi,ves]"
"train","/projects/weilab/dataset/cellmap/jrc_mus-liver-zon-1/jrc_mus-liver-zon-1.zarr","recon-1/em/fibsem-uint8","/projects/weilab/dataset/cellmap/jrc_mus-liver-zon-1/jrc_mus-liver-zon-1.zarr","recon-1/labels/groundtruth/crop267/[nuc,mito,er,golgi,ves]"
"train","/projects/weilab/dataset/cellmap/jrc_mus-liver-zon-1/jrc_mus-liver-zon-1.zarr","recon-1/em/fibsem-uint8","/projects/weilab/dataset/cellmap/jrc_mus-liver-zon-1/jrc_mus-liver-zon-1.zarr","recon-1/labels/groundtruth/crop319/[nuc,mito,er,golgi,ves]"
"train","/projects/weilab/dataset/cellmap/jrc_mus-liver-zon-1/jrc_mus-liver-zon-1.zarr","recon-1/em/fibsem-uint8","/projects/weilab/dataset/cellmap/jrc_mus-liver-zon-1/jrc_mus-liver-zon-1.zarr","recon-1/labels/groundtruth/crop322/[nuc,mito,er,golgi,ves]"
"train","/projects/weilab/dataset/cellmap/jrc_mus-liver-zon-1/jrc_mus-liver-zon-1.zarr","recon-1/em/fibsem-uint8","/projects/weilab/dataset/cellmap/jrc_mus-liver-zon-1/jrc_mus-liver-zon-1.zarr","recon-1/labels/groundtruth/crop274/[nuc,mito,er,golgi,ves]"
"validate","/projects/weilab/dataset/cellmap/jrc_mus-liver-zon-1/jrc_mus-liver-zon-1.zarr","recon-1/em/fibsem-uint8","/projects/weilab/dataset/cellmap/jrc_mus-liver-zon-1/jrc_mus-liver-zon-1.zarr","recon-1/labels/groundtruth/crop377/[nuc,mito,er,golgi,ves]"
"train","/projects/weilab/dataset/cellmap/jrc_mus-liver-zon-1/jrc_mus-liver-zon-1.zarr","recon-1/em/fibsem-uint8","/projects/weilab/dataset/cellmap/jrc_mus-liver-zon-1/jrc_mus-liver-zon-1.zarr","recon-1/labels/groundtruth/crop269/[nuc,mito,er,golgi,ves]"
"train","/projects/weilab/dataset/cellmap/jrc_mus-liver-zon-1/jrc_mus-liver-zon-1.zarr","recon-1/em/fibsem-uint8","/projects/weilab/dataset/cellmap/jrc_mus-liver-zon-1/jrc_mus-liver-zon-1.zarr","recon-1/labels/groundtruth/crop272/[nuc,mito,er,golgi,ves]"
"train","/projects/weilab/dataset/cellmap/jrc_ut21-1413-003/jrc_ut21-1413-003.zarr","recon-1/em/fibsem-uint8","/projects/weilab/dataset/cellmap/jrc_ut21-1413-003/jrc_ut21-1413-003.zarr","recon-1/labels/groundtruth/crop196/[nuc,mito,er,golgi,ves]"
"train","/projects/weilab/dataset/cellmap/jrc_ut21-1413-003/jrc_ut21-1413-003.zarr","recon-1/em/fibsem-uint8","/projects/weilab/dataset/cellmap/jrc_ut21-1413-003/jrc_ut21-1413-003.zarr","recon-1/labels/groundtruth/crop222/[nuc,mito,er,golgi,ves]"
"train","/projects/weilab/dataset/cellmap/jrc_ut21-1413-003/jrc_ut21-1413-003.zarr","recon-1/em/fibsem-uint8","/projects/weilab/dataset/cellmap/jrc_ut21-1413-003/jrc_ut21-1413-003.zarr","recon-1/labels/groundtruth/crop197/[nuc,mito,er,golgi,ves]"
"train","/projects/weilab/dataset/cellmap/jrc_ut21-1413-003/jrc_ut21-1413-003.zarr","recon-1/em/fibsem-uint8","/projects/weilab/dataset/cellmap/jrc_ut21-1413-003/jrc_ut21-1413-003.zarr","recon-1/labels/groundtruth/crop198/[nuc,mito,er,golgi,ves]"
"train","/projects/weilab/dataset/cellmap/jrc_ut21-1413-003/jrc_ut21-1413-003.zarr","recon-1/em/fibsem-uint8","/projects/weilab/dataset/cellmap/jrc_ut21-1413-003/jrc_ut21-1413-003.zarr","recon-1/labels/groundtruth/crop200/[nuc,mito,er,golgi,ves]"
"train","/projects/weilab/dataset/cellmap/jrc_ut21-1413-003/jrc_ut21-1413-003.zarr","recon-1/em/fibsem-uint8","/projects/weilab/dataset/cellmap/jrc_ut21-1413-003/jrc_ut21-1413-003.zarr","recon-1/labels/groundtruth/crop224/[nuc,mito,er,golgi,ves]"
"train","/projects/weilab/dataset/cellmap/jrc_ut21-1413-003/jrc_ut21-1413-003.zarr","recon-1/em/fibsem-uint8","/projects/weilab/dataset/cellmap/jrc_ut21-1413-003/jrc_ut21-1413-003.zarr","recon-1/labels/groundtruth/crop191/[nuc,mito,er,golgi,ves]"
"train","/projects/weilab/dataset/cellmap/jrc_ut21-1413-003/jrc_ut21-1413-003.zarr","recon-1/em/fibsem-uint8","/projects/weilab/dataset/cellmap/jrc_ut21-1413-003/jrc_ut21-1413-003.zarr","recon-1/labels/groundtruth/crop225/[nuc,mito,er,golgi,ves]"
"train","/projects/weilab/dataset/cellmap/jrc_ut21-1413-003/jrc_ut21-1413-003.zarr","recon-1/em/fibsem-uint8","/projects/weilab/dataset/cellmap/jrc_ut21-1413-003/jrc_ut21-1413-003.zarr","recon-1/labels/groundtruth/crop195/[nuc,mito,er,golgi,ves]"
"train","/projects/weilab/dataset/cellmap/jrc_ut21-1413-003/jrc_ut21-1413-003.zarr","recon-1/em/fibsem-uint8","/projects/weilab/dataset/cellmap/jrc_ut21-1413-003/jrc_ut21-1413-003.zarr","recon-1/labels/groundtruth/crop228/[nuc,mito,er,golgi,ves]"
"train","/projects/weilab/dataset/cellmap/jrc_ut21-1413-003/jrc_ut21-1413-003.zarr","recon-1/em/fibsem-uint8","/projects/weilab/dataset/cellmap/jrc_ut21-1413-003/jrc_ut21-1413-003.zarr","recon-1/labels/groundtruth/crop227/[nuc,mito,er,golgi,ves]"
"train","/projects/weilab/dataset/cellmap/jrc_ut21-1413-003/jrc_ut21-1413-003.zarr","recon-1/em/fibsem-uint8","/projects/weilab/dataset/cellmap/jrc_ut21-1413-003/jrc_ut21-1413-003.zarr","recon-1/labels/groundtruth/crop226/[nuc,mito,er,golgi,ves]"
"train","/projects/weilab/dataset/cellmap/jrc_ut21-1413-003/jrc_ut21-1413-003.zarr","recon-1/em/fibsem-uint8","/projects/weilab/dataset/cellmap/jrc_ut21-1413-003/jrc_ut21-1413-003.zarr","recon-1/labels/groundtruth/crop190/[nuc,mito,er,golgi,ves]"
"train","/projects/weilab/dataset/cellmap/jrc_ut21-1413-003/jrc_ut21-1413-003.zarr","recon-1/em/fibsem-uint8","/projects/weilab/dataset/cellmap/jrc_ut21-1413-003/jrc_ut21-1413-003.zarr","recon-1/labels/groundtruth/crop192/[nuc,mito,er,golgi,ves]"
"train","/projects/weilab/dataset/cellmap/jrc_ut21-1413-003/jrc_ut21-1413-003.zarr","recon-1/em/fibsem-uint8","/projects/weilab/dataset/cellmap/jrc_ut21-1413-003/jrc_ut21-1413-003.zarr","recon-1/labels/groundtruth/crop199/[nuc,mito,er,golgi,ves]"
"train","/projects/weilab/dataset/cellmap/jrc_ut21-1413-003/jrc_ut21-1413-003.zarr","recon-1/em/fibsem-uint8","/projects/weilab/dataset/cellmap/jrc_ut21-1413-003/jrc_ut21-1413-003.zarr","recon-1/labels/groundtruth/crop193/[nuc,mito,er,golgi,ves]"
"validate","/projects/weilab/dataset/cellmap/jrc_ut21-1413-003/jrc_ut21-1413-003.zarr","recon-1/em/fibsem-uint8","/projects/weilab/dataset/cellmap/jrc_ut21-1413-003/jrc_ut21-1413-003.zarr","recon-1/labels/groundtruth/crop220/[nuc,mito,er,golgi,ves]"
"train","/projects/weilab/dataset/cellmap/jrc_ut21-1413-003/jrc_ut21-1413-003.zarr","recon-1/em/fibsem-uint8","/projects/weilab/dataset/cellmap/jrc_ut21-1413-003/jrc_ut21-1413-003.zarr","recon-1/labels/groundtruth/crop214/[nuc,mito,er,golgi,ves]"
"train","/projects/weilab/dataset/cellmap/jrc_ctl-id8-1/jrc_ctl-id8-1.zarr","recon-1/em/fibsem-uint8","/projects/weilab/dataset/cellmap/jrc_ctl-id8-1/jrc_ctl-id8-1.zarr","recon-1/labels/groundtruth/crop116/[nuc,mito,er,golgi,ves]"
"train","/projects/weilab/dataset/cellmap/jrc_ctl-id8-1/jrc_ctl-id8-1.zarr","recon-1/em/fibsem-uint8","/projects/weilab/dataset/cellmap/jrc_ctl-id8-1/jrc_ctl-id8-1.zarr","recon-1/labels/groundtruth/crop119/[nuc,mito,er,golgi,ves]"
"train","/projects/weilab/dataset/cellmap/jrc_ctl-id8-1/jrc_ctl-id8-1.zarr","recon-1/em/fibsem-uint8","/projects/weilab/dataset/cellmap/jrc_ctl-id8-1/jrc_ctl-id8-1.zarr","recon-1/labels/groundtruth/crop130/[nuc,mito,er,golgi,ves]"
"train","/projects/weilab/dataset/cellmap/jrc_ctl-id8-1/jrc_ctl-id8-1.zarr","recon-1/em/fibsem-uint8","/projects/weilab/dataset/cellmap/jrc_ctl-id8-1/jrc_ctl-id8-1.zarr","recon-1/labels/groundtruth/crop117/[nuc,mito,er,golgi,ves]"
"train","/projects/weilab/dataset/cellmap/jrc_ctl-id8-1/jrc_ctl-id8-1.zarr","recon-1/em/fibsem-uint8","/projects/weilab/dataset/cellmap/jrc_ctl-id8-1/jrc_ctl-id8-1.zarr","recon-1/labels/groundtruth/crop118/[nuc,mito,er,golgi,ves]"
"train","/projects/weilab/dataset/cellmap/jrc_sum159-1/jrc_sum159-1.zarr","recon-1/em/fibsem-uint8","/projects/weilab/dataset/cellmap/jrc_sum159-1/jrc_sum159-1.zarr","recon-1/labels/groundtruth/crop25/[nuc,mito,er,golgi,ves]"
"train","/projects/weilab/dataset/cellmap/jrc_sum159-1/jrc_sum159-1.zarr","recon-1/em/fibsem-uint8","/projects/weilab/dataset/cellmap/jrc_sum159-1/jrc_sum159-1.zarr","recon-1/labels/groundtruth/crop80/[nuc,mito,er,golgi,ves]"
"train","/projects/weilab/dataset/cellmap/jrc_sum159-1/jrc_sum159-1.zarr","recon-1/em/fibsem-uint8","/projects/weilab/dataset/cellmap/jrc_sum159-1/jrc_sum159-1.zarr","recon-1/labels/groundtruth/crop82/[nuc,mito,er,golgi,ves]"
"train","/projects/weilab/dataset/cellmap/jrc_sum159-1/jrc_sum159-1.zarr","recon-1/em/fibsem-uint8","/projects/weilab/dataset/cellmap/jrc_sum159-1/jrc_sum159-1.zarr","recon-1/labels/groundtruth/crop83/[nuc,mito,er,golgi,ves]"
"train","/projects/weilab/dataset/cellmap/jrc_sum159-1/jrc_sum159-1.zarr","recon-1/em/fibsem-uint8","/projects/weilab/dataset/cellmap/jrc_sum159-1/jrc_sum159-1.zarr","recon-1/labels/groundtruth/crop22/[nuc,mito,er,golgi,ves]"
"train","/projects/weilab/dataset/cellmap/jrc_sum159-1/jrc_sum159-1.zarr","recon-1/em/fibsem-uint8","/projects/weilab/dataset/cellmap/jrc_sum159-1/jrc_sum159-1.zarr","recon-1/labels/groundtruth/crop26/[nuc,mito,er,golgi,ves]"
"train","/projects/weilab/dataset/cellmap/jrc_sum159-1/jrc_sum159-1.zarr","recon-1/em/fibsem-uint8","/projects/weilab/dataset/cellmap/jrc_sum159-1/jrc_sum159-1.zarr","recon-1/labels/groundtruth/crop84/[nuc,mito,er,golgi,ves]"
"train","/projects/weilab/dataset/cellmap/jrc_sum159-1/jrc_sum159-1.zarr","recon-1/em/fibsem-uint8","/projects/weilab/dataset/cellmap/jrc_sum159-1/jrc_sum159-1.zarr","recon-1/labels/groundtruth/crop97/[nuc,mito,er,golgi,ves]"
"train","/projects/weilab/dataset/cellmap/jrc_sum159-1/jrc_sum159-1.zarr","recon-1/em/fibsem-uint8","/projects/weilab/dataset/cellmap/jrc_sum159-1/jrc_sum159-1.zarr","recon-1/labels/groundtruth/crop20/[nuc,mito,er,golgi,ves]"
"train","/projects/weilab/dataset/cellmap/jrc_sum159-1/jrc_sum159-1.zarr","recon-1/em/fibsem-uint8","/projects/weilab/dataset/cellmap/jrc_sum159-1/jrc_sum159-1.zarr","recon-1/labels/groundtruth/crop99/[nuc,mito,er,golgi,ves]"
"validate","/projects/weilab/dataset/cellmap/jrc_sum159-1/jrc_sum159-1.zarr","recon-1/em/fibsem-uint8","/projects/weilab/dataset/cellmap/jrc_sum159-1/jrc_sum159-1.zarr","recon-1/labels/groundtruth/crop81/[nuc,mito,er,golgi,ves]"
"train","/projects/weilab/dataset/cellmap/jrc_sum159-1/jrc_sum159-1.zarr","recon-1/em/fibsem-uint8","/projects/weilab/dataset/cellmap/jrc_sum159-1/jrc_sum159-1.zarr","recon-1/labels/groundtruth/crop98/[nuc,mito,er,golgi,ves]"
"train","/projects/weilab/dataset/cellmap/jrc_cos7-1a/jrc_cos7-1a.zarr","recon-1/em/fibsem-uint8","/projects/weilab/dataset/cellmap/jrc_cos7-1a/jrc_cos7-1a.zarr","recon-1/labels/groundtruth/crop237/[nuc,mito,er,golgi,ves]"
"validate","/projects/weilab/dataset/cellmap/jrc_cos7-1a/jrc_cos7-1a.zarr","recon-1/em/fibsem-uint8","/projects/weilab/dataset/cellmap/jrc_cos7-1a/jrc_cos7-1a.zarr","recon-1/labels/groundtruth/crop254/[nuc,mito,er,golgi,ves]"
"train","/projects/weilab/dataset/cellmap/jrc_cos7-1a/jrc_cos7-1a.zarr","recon-1/em/fibsem-uint8","/projects/weilab/dataset/cellmap/jrc_cos7-1a/jrc_cos7-1a.zarr","recon-1/labels/groundtruth/crop247/[nuc,golgi]"
"train","/projects/weilab/dataset/cellmap/jrc_cos7-1a/jrc_cos7-1a.zarr","recon-1/em/fibsem-uint8","/projects/weilab/dataset/cellmap/jrc_cos7-1a/jrc_cos7-1a.zarr","recon-1/labels/groundtruth/crop239/[nuc,mito,er,golgi,ves]"
"train","/projects/weilab/dataset/cellmap/jrc_cos7-1a/jrc_cos7-1a.zarr","recon-1/em/fibsem-uint8","/projects/weilab/dataset/cellmap/jrc_cos7-1a/jrc_cos7-1a.zarr","recon-1/labels/groundtruth/crop248/[nuc,mito,er,golgi,ves]"
"train","/projects/weilab/dataset/cellmap/jrc_cos7-1a/jrc_cos7-1a.zarr","recon-1/em/fibsem-uint8","/projects/weilab/dataset/cellmap/jrc_cos7-1a/jrc_cos7-1a.zarr","recon-1/labels/groundtruth/crop292/[nuc,mito,er,golgi,ves]"
"train","/projects/weilab/dataset/cellmap/jrc_cos7-1a/jrc_cos7-1a.zarr","recon-1/em/fibsem-uint8","/projects/weilab/dataset/cellmap/jrc_cos7-1a/jrc_cos7-1a.zarr","recon-1/labels/groundtruth/crop236/[nuc,mito,er,golgi,ves]"
"train","/projects/weilab/dataset/cellmap/jrc_cos7-1a/jrc_cos7-1a.zarr","recon-1/em/fibsem-uint8","/projects/weilab/dataset/cellmap/jrc_cos7-1a/jrc_cos7-1a.zarr","recon-1/labels/groundtruth/crop234/[nuc,mito,er,golgi,ves]"
"train","/projects/weilab/dataset/cellmap/jrc_cos7-1a/jrc_cos7-1a.zarr","recon-1/em/fibsem-uint8","/projects/weilab/dataset/cellmap/jrc_cos7-1a/jrc_cos7-1a.zarr","recon-1/labels/groundtruth/crop243/[nuc,mito,er,golgi,ves]"
"train","/projects/weilab/dataset/cellmap/jrc_cos7-1a/jrc_cos7-1a.zarr","recon-1/em/fibsem-uint8","/projects/weilab/dataset/cellmap/jrc_cos7-1a/jrc_cos7-1a.zarr","recon-1/labels/groundtruth/crop257/[nuc]"
"train","/projects/weilab/dataset/cellmap/jrc_cos7-1a/jrc_cos7-1a.zarr","recon-1/em/fibsem-uint8","/projects/weilab/dataset/cellmap/jrc_cos7-1a/jrc_cos7-1a.zarr","recon-1/labels/groundtruth/crop252/[nuc,mito,er,golgi,ves]"
"train","/projects/weilab/dataset/cellmap/jrc_cos7-1a/jrc_cos7-1a.zarr","recon-1/em/fibsem-uint8","/projects/weilab/dataset/cellmap/jrc_cos7-1a/jrc_cos7-1a.zarr","recon-1/labels/groundtruth/crop256/[nuc,mito,er,golgi,ves]"
"train","/projects/weilab/dataset/cellmap/jrc_jurkat-1/jrc_jurkat-1.zarr","recon-1/em/fibsem-uint8","/projects/weilab/dataset/cellmap/jrc_jurkat-1/jrc_jurkat-1.zarr","recon-1/labels/groundtruth/crop37/[nuc,mito,er,golgi,ves]"
"train","/projects/weilab/dataset/cellmap/jrc_jurkat-1/jrc_jurkat-1.zarr","recon-1/em/fibsem-uint8","/projects/weilab/dataset/cellmap/jrc_jurkat-1/jrc_jurkat-1.zarr","recon-1/labels/groundtruth/crop70/[nuc,mito,er,golgi,ves]"
"train","/projects/weilab/dataset/cellmap/jrc_jurkat-1/jrc_jurkat-1.zarr","recon-1/em/fibsem-uint8","/projects/weilab/dataset/cellmap/jrc_jurkat-1/jrc_jurkat-1.zarr","recon-1/labels/groundtruth/crop38/[nuc,mito,er,golgi,ves]"
"train","/projects/weilab/dataset/cellmap/jrc_jurkat-1/jrc_jurkat-1.zarr","recon-1/em/fibsem-uint8","/projects/weilab/dataset/cellmap/jrc_jurkat-1/jrc_jurkat-1.zarr","recon-1/labels/groundtruth/crop35/[nuc,mito,er,golgi,ves]"
"train","/projects/weilab/dataset/cellmap/jrc_jurkat-1/jrc_jurkat-1.zarr","recon-1/em/fibsem-uint8","/projects/weilab/dataset/cellmap/jrc_jurkat-1/jrc_jurkat-1.zarr","recon-1/labels/groundtruth/crop126/[nuc,mito,er,golgi,ves]"
"validate","/projects/weilab/dataset/cellmap/jrc_jurkat-1/jrc_jurkat-1.zarr","recon-1/em/fibsem-uint8","/projects/weilab/dataset/cellmap/jrc_jurkat-1/jrc_jurkat-1.zarr","recon-1/labels/groundtruth/crop36/[nuc,mito,er,golgi,ves]"
"train","/projects/weilab/dataset/cellmap/jrc_jurkat-1/jrc_jurkat-1.zarr","recon-1/em/fibsem-uint8","/projects/weilab/dataset/cellmap/jrc_jurkat-1/jrc_jurkat-1.zarr","recon-1/labels/groundtruth/crop107/[nuc,mito,er,golgi,ves]"
"train","/projects/weilab/dataset/cellmap/jrc_jurkat-1/jrc_jurkat-1.zarr","recon-1/em/fibsem-uint8","/projects/weilab/dataset/cellmap/jrc_jurkat-1/jrc_jurkat-1.zarr","recon-1/labels/groundtruth/crop47/[nuc,mito,er,golgi,ves]"
"train","/projects/weilab/dataset/cellmap/jrc_jurkat-1/jrc_jurkat-1.zarr","recon-1/em/fibsem-uint8","/projects/weilab/dataset/cellmap/jrc_jurkat-1/jrc_jurkat-1.zarr","recon-1/labels/groundtruth/crop69/[nuc,mito,er,golgi,ves]"
"validate","/projects/weilab/dataset/cellmap/jrc_jurkat-1/jrc_jurkat-1.zarr","recon-1/em/fibsem-uint8","/projects/weilab/dataset/cellmap/jrc_jurkat-1/jrc_jurkat-1.zarr","recon-1/labels/groundtruth/crop66/[nuc,mito,er,golgi,ves]"
"train","/projects/weilab/dataset/cellmap/jrc_jurkat-1/jrc_jurkat-1.zarr","recon-1/em/fibsem-uint8","/projects/weilab/dataset/cellmap/jrc_jurkat-1/jrc_jurkat-1.zarr","recon-1/labels/groundtruth/crop182/[nuc,mito,er,golgi,ves]"
"train","/projects/weilab/dataset/cellmap/jrc_jurkat-1/jrc_jurkat-1.zarr","recon-1/em/fibsem-uint8","/projects/weilab/dataset/cellmap/jrc_jurkat-1/jrc_jurkat-1.zarr","recon-1/labels/groundtruth/crop93/[nuc,mito,er,golgi,ves]"
"validate","/projects/weilab/dataset/cellmap/jrc_jurkat-1/jrc_jurkat-1.zarr","recon-1/em/fibsem-uint8","/projects/weilab/dataset/cellmap/jrc_jurkat-1/jrc_jurkat-1.zarr","recon-1/labels/groundtruth/crop92/[nuc,mito,er,golgi,ves]"
"train","/projects/weilab/dataset/cellmap/jrc_jurkat-1/jrc_jurkat-1.zarr","recon-1/em/fibsem-uint8","/projects/weilab/dataset/cellmap/jrc_jurkat-1/jrc_jurkat-1.zarr","recon-1/labels/groundtruth/crop67/[nuc,mito,er,golgi,ves]"
"train","/projects/weilab/dataset/cellmap/jrc_jurkat-1/jrc_jurkat-1.zarr","recon-1/em/fibsem-uint8","/projects/weilab/dataset/cellmap/jrc_jurkat-1/jrc_jurkat-1.zarr","recon-1/labels/groundtruth/crop68/[nuc,mito,er,golgi,ves]"
"train","/projects/weilab/dataset/cellmap/jrc_jurkat-1/jrc_jurkat-1.zarr","recon-1/em/fibsem-uint8","/projects/weilab/dataset/cellmap/jrc_jurkat-1/jrc_jurkat-1.zarr","recon-1/labels/groundtruth/crop180/[nuc,mito,er,golgi,ves]"
"train","/projects/weilab/dataset/cellmap/jrc_jurkat-1/jrc_jurkat-1.zarr","recon-1/em/fibsem-uint8","/projects/weilab/dataset/cellmap/jrc_jurkat-1/jrc_jurkat-1.zarr","recon-1/labels/groundtruth/crop112/[nuc,mito,er,golgi,ves]"
"train","/projects/weilab/dataset/cellmap/jrc_jurkat-1/jrc_jurkat-1.zarr","recon-1/em/fibsem-uint8","/projects/weilab/dataset/cellmap/jrc_jurkat-1/jrc_jurkat-1.zarr","recon-1/labels/groundtruth/crop91/[nuc,mito,er,golgi,ves]"
"train","/projects/weilab/dataset/cellmap/jrc_jurkat-1/jrc_jurkat-1.zarr","recon-1/em/fibsem-uint8","/projects/weilab/dataset/cellmap/jrc_jurkat-1/jrc_jurkat-1.zarr","recon-1/labels/groundtruth/crop71/[nuc,mito,er,golgi,ves]"
"train","/projects/weilab/dataset/cellmap/jrc_jurkat-1/jrc_jurkat-1.zarr","recon-1/em/fibsem-uint8","/projects/weilab/dataset/cellmap/jrc_jurkat-1/jrc_jurkat-1.zarr","recon-1/labels/groundtruth/crop43/[nuc,mito,er,golgi,ves]"
"train","/projects/weilab/dataset/cellmap/jrc_mus-liver/jrc_mus-liver.zarr","recon-1/em/fibsem-uint8","/projects/weilab/dataset/cellmap/jrc_mus-liver/jrc_mus-liver.zarr","recon-1/labels/groundtruth/crop172/[nuc,mito,er,golgi,ves]"
"train","/projects/weilab/dataset/cellmap/jrc_mus-liver/jrc_mus-liver.zarr","recon-1/em/fibsem-uint8","/projects/weilab/dataset/cellmap/jrc_mus-liver/jrc_mus-liver.zarr","recon-1/labels/groundtruth/crop171/[nuc,mito,er,golgi,ves]"
"train","/projects/weilab/dataset/cellmap/jrc_mus-liver/jrc_mus-liver.zarr","recon-1/em/fibsem-uint8","/projects/weilab/dataset/cellmap/jrc_mus-liver/jrc_mus-liver.zarr","recon-1/labels/groundtruth/crop183/[nuc,mito,er,golgi,ves]"
"train","/projects/weilab/dataset/cellmap/jrc_mus-liver/jrc_mus-liver.zarr","recon-1/em/fibsem-uint8","/projects/weilab/dataset/cellmap/jrc_mus-liver/jrc_mus-liver.zarr","recon-1/labels/groundtruth/crop133/[nuc,mito,er,golgi,ves]"
"train","/projects/weilab/dataset/cellmap/jrc_mus-liver/jrc_mus-liver.zarr","recon-1/em/fibsem-uint8","/projects/weilab/dataset/cellmap/jrc_mus-liver/jrc_mus-liver.zarr","recon-1/labels/groundtruth/crop157/[nuc,mito,er,golgi,ves]"
"train","/projects/weilab/dataset/cellmap/jrc_mus-liver/jrc_mus-liver.zarr","recon-1/em/fibsem-uint8","/projects/weilab/dataset/cellmap/jrc_mus-liver/jrc_mus-liver.zarr","recon-1/labels/groundtruth/crop144/[nuc,mito,er,golgi,ves]"
"train","/projects/weilab/dataset/cellmap/jrc_mus-liver/jrc_mus-liver.zarr","recon-1/em/fibsem-uint8","/projects/weilab/dataset/cellmap/jrc_mus-liver/jrc_mus-liver.zarr","recon-1/labels/groundtruth/crop142/[nuc,mito,er,golgi,ves]"
"train","/projects/weilab/dataset/cellmap/jrc_mus-liver/jrc_mus-liver.zarr","recon-1/em/fibsem-uint8","/projects/weilab/dataset/cellmap/jrc_mus-liver/jrc_mus-liver.zarr","recon-1/labels/groundtruth/crop139/[nuc,mito,er,golgi,ves]"
"validate","/projects/weilab/dataset/cellmap/jrc_mus-liver/jrc_mus-liver.zarr","recon-1/em/fibsem-uint8","/projects/weilab/dataset/cellmap/jrc_mus-liver/jrc_mus-liver.zarr","recon-1/labels/groundtruth/crop151/[nuc,mito,er,golgi,ves]"
"train","/projects/weilab/dataset/cellmap/jrc_mus-liver/jrc_mus-liver.zarr","recon-1/em/fibsem-uint8","/projects/weilab/dataset/cellmap/jrc_mus-liver/jrc_mus-liver.zarr","recon-1/labels/groundtruth/crop125/[nuc,mito,er,golgi,ves]"
"train","/projects/weilab/dataset/cellmap/jrc_mus-liver/jrc_mus-liver.zarr","recon-1/em/fibsem-uint8","/projects/weilab/dataset/cellmap/jrc_mus-liver/jrc_mus-liver.zarr","recon-1/labels/groundtruth/crop175/[nuc,mito,er,golgi,ves]"
"train","/projects/weilab/dataset/cellmap/jrc_mus-liver/jrc_mus-liver.zarr","recon-1/em/fibsem-uint8","/projects/weilab/dataset/cellmap/jrc_mus-liver/jrc_mus-liver.zarr","recon-1/labels/groundtruth/crop124/[nuc,mito,er,golgi,ves]"
"train","/projects/weilab/dataset/cellmap/jrc_mus-liver/jrc_mus-liver.zarr","recon-1/em/fibsem-uint8","/projects/weilab/dataset/cellmap/jrc_mus-liver/jrc_mus-liver.zarr","recon-1/labels/groundtruth/crop137/[nuc,mito,er,golgi,ves]"
"train","/projects/weilab/dataset/cellmap/jrc_mus-liver/jrc_mus-liver.zarr","recon-1/em/fibsem-uint8","/projects/weilab/dataset/cellmap/jrc_mus-liver/jrc_mus-liver.zarr","recon-1/labels/groundtruth/crop136/[nuc,mito,er,golgi,ves]"
"train","/projects/weilab/dataset/cellmap/jrc_mus-liver/jrc_mus-liver.zarr","recon-1/em/fibsem-uint8","/projects/weilab/dataset/cellmap/jrc_mus-liver/jrc_mus-liver.zarr","recon-1/labels/groundtruth/crop135/[nuc,mito,er,golgi,ves]"
"train","/projects/weilab/dataset/cellmap/jrc_mus-liver/jrc_mus-liver.zarr","recon-1/em/fibsem-uint8","/projects/weilab/dataset/cellmap/jrc_mus-liver/jrc_mus-liver.zarr","recon-1/labels/groundtruth/crop143/[nuc,mito,er,golgi,ves]"
"train","/projects/weilab/dataset/cellmap/jrc_mus-liver/jrc_mus-liver.zarr","recon-1/em/fibsem-uint8","/projects/weilab/dataset/cellmap/jrc_mus-liver/jrc_mus-liver.zarr","recon-1/labels/groundtruth/crop150/[nuc,mito,er,golgi,ves]"
"train","/projects/weilab/dataset/cellmap/jrc_mus-liver/jrc_mus-liver.zarr","recon-1/em/fibsem-uint8","/projects/weilab/dataset/cellmap/jrc_mus-liver/jrc_mus-liver.zarr","recon-1/labels/groundtruth/crop416/[nuc,mito,er,golgi,ves]"
"train","/projects/weilab/dataset/cellmap/jrc_mus-liver/jrc_mus-liver.zarr","recon-1/em/fibsem-uint8","/projects/weilab/dataset/cellmap/jrc_mus-liver/jrc_mus-liver.zarr","recon-1/labels/groundtruth/crop145/[nuc,mito,er,golgi,ves]"
"validate","/projects/weilab/dataset/cellmap/jrc_mus-liver/jrc_mus-liver.zarr","recon-1/em/fibsem-uint8","/projects/weilab/dataset/cellmap/jrc_mus-liver/jrc_mus-liver.zarr","recon-1/labels/groundtruth/crop131/[nuc,mito,er,golgi,ves]"
"train","/projects/weilab/dataset/cellmap/jrc_mus-liver/jrc_mus-liver.zarr","recon-1/em/fibsem-uint8","/projects/weilab/dataset/cellmap/jrc_mus-liver/jrc_mus-liver.zarr","recon-1/labels/groundtruth/crop417/[nuc,mito,er,golgi,ves]"
"train","/projects/weilab/dataset/cellmap/jrc_mus-liver/jrc_mus-liver.zarr","recon-1/em/fibsem-uint8","/projects/weilab/dataset/cellmap/jrc_mus-liver/jrc_mus-liver.zarr","recon-1/labels/groundtruth/crop138/[nuc,mito,er,golgi,ves]"
"train","/projects/weilab/dataset/cellmap/jrc_mus-liver/jrc_mus-liver.zarr","recon-1/em/fibsem-uint8","/projects/weilab/dataset/cellmap/jrc_mus-liver/jrc_mus-liver.zarr","recon-1/labels/groundtruth/crop132/[nuc,mito,er,golgi,ves]"
"validate","/projects/weilab/dataset/cellmap/jrc_mus-nacc-1/jrc_mus-nacc-1.zarr","recon-1/em/fibsem-uint8","/projects/weilab/dataset/cellmap/jrc_mus-nacc-1/jrc_mus-nacc-1.zarr","recon-1/labels/groundtruth/crop115/[nuc,mito,er,golgi,ves]"
"train","/projects/weilab/dataset/cellmap/jrc_hela-3/jrc_hela-3.zarr","recon-1/em/fibsem-uint8","/projects/weilab/dataset/cellmap/jrc_hela-3/jrc_hela-3.zarr","recon-1/labels/groundtruth/crop101/[nuc,mito,er,golgi,ves]"
"train","/projects/weilab/dataset/cellmap/jrc_hela-3/jrc_hela-3.zarr","recon-1/em/fibsem-uint8","/projects/weilab/dataset/cellmap/jrc_hela-3/jrc_hela-3.zarr","recon-1/labels/groundtruth/crop65/[nuc,mito,er,golgi,ves]"
"validate","/projects/weilab/dataset/cellmap/jrc_hela-3/jrc_hela-3.zarr","recon-1/em/fibsem-uint8","/projects/weilab/dataset/cellmap/jrc_hela-3/jrc_hela-3.zarr","recon-1/labels/groundtruth/crop62/[nuc,mito,er,golgi,ves]"
"train","/projects/weilab/dataset/cellmap/jrc_hela-3/jrc_hela-3.zarr","recon-1/em/fibsem-uint8","/projects/weilab/dataset/cellmap/jrc_hela-3/jrc_hela-3.zarr","recon-1/labels/groundtruth/crop50/[nuc,mito,er,golgi,ves]"
"train","/projects/weilab/dataset/cellmap/jrc_hela-3/jrc_hela-3.zarr","recon-1/em/fibsem-uint8","/projects/weilab/dataset/cellmap/jrc_hela-3/jrc_hela-3.zarr","recon-1/labels/groundtruth/crop181/[nuc,mito,er,golgi,ves]"
"train","/projects/weilab/dataset/cellmap/jrc_hela-3/jrc_hela-3.zarr","recon-1/em/fibsem-uint8","/projects/weilab/dataset/cellmap/jrc_hela-3/jrc_hela-3.zarr","recon-1/labels/groundtruth/crop87/[nuc,mito,er,golgi,ves]"
"train","/projects/weilab/dataset/cellmap/jrc_hela-3/jrc_hela-3.zarr","recon-1/em/fibsem-uint8","/projects/weilab/dataset/cellmap/jrc_hela-3/jrc_hela-3.zarr","recon-1/labels/groundtruth/crop34/[nuc,mito,er,golgi,ves]"
"train","/projects/weilab/dataset/cellmap/jrc_hela-3/jrc_hela-3.zarr","recon-1/em/fibsem-uint8","/projects/weilab/dataset/cellmap/jrc_hela-3/jrc_hela-3.zarr","recon-1/labels/groundtruth/crop27/[nuc,mito,er,golgi,ves]"
"train","/projects/weilab/dataset/cellmap/jrc_hela-3/jrc_hela-3.zarr","recon-1/em/fibsem-uint8","/projects/weilab/dataset/cellmap/jrc_hela-3/jrc_hela-3.zarr","recon-1/labels/groundtruth/crop61/[nuc,mito,er,golgi,ves]"
"train","/projects/weilab/dataset/cellmap/jrc_hela-3/jrc_hela-3.zarr","recon-1/em/fibsem-uint8","/projects/weilab/dataset/cellmap/jrc_hela-3/jrc_hela-3.zarr","recon-1/labels/groundtruth/crop100/[nuc,mito]"
"train","/projects/weilab/dataset/cellmap/jrc_hela-3/jrc_hela-3.zarr","recon-1/em/fibsem-uint8","/projects/weilab/dataset/cellmap/jrc_hela-3/jrc_hela-3.zarr","recon-1/labels/groundtruth/crop51/[nuc,mito,er,golgi,ves]"
"train","/projects/weilab/dataset/cellmap/jrc_hela-3/jrc_hela-3.zarr","recon-1/em/fibsem-uint8","/projects/weilab/dataset/cellmap/jrc_hela-3/jrc_hela-3.zarr","recon-1/labels/groundtruth/crop60/[nuc,mito,er,golgi,ves]"
"train","/projects/weilab/dataset/cellmap/jrc_hela-3/jrc_hela-3.zarr","recon-1/em/fibsem-uint8","/projects/weilab/dataset/cellmap/jrc_hela-3/jrc_hela-3.zarr","recon-1/labels/groundtruth/crop64/[nuc,mito,er,golgi,ves]"
"train","/projects/weilab/dataset/cellmap/jrc_hela-3/jrc_hela-3.zarr","recon-1/em/fibsem-uint8","/projects/weilab/dataset/cellmap/jrc_hela-3/jrc_hela-3.zarr","recon-1/labels/groundtruth/crop111/[nuc,mito,er,golgi,ves]"
"train","/projects/weilab/dataset/cellmap/jrc_hela-3/jrc_hela-3.zarr","recon-1/em/fibsem-uint8","/projects/weilab/dataset/cellmap/jrc_hela-3/jrc_hela-3.zarr","recon-1/labels/groundtruth/crop33/[nuc,mito,er,golgi,ves]"
"train","/projects/weilab/dataset/cellmap/jrc_hela-3/jrc_hela-3.zarr","recon-1/em/fibsem-uint8","/projects/weilab/dataset/cellmap/jrc_hela-3/jrc_hela-3.zarr","recon-1/labels/groundtruth/crop63/[nuc,mito,er,golgi,ves]"
"validate","/projects/weilab/dataset/cellmap/jrc_hela-3/jrc_hela-3.zarr","recon-1/em/fibsem-uint8","/projects/weilab/dataset/cellmap/jrc_hela-3/jrc_hela-3.zarr","recon-1/labels/groundtruth/crop86/[nuc,mito,er,golgi,ves]"
"train","/projects/weilab/dataset/cellmap/jrc_hela-3/jrc_hela-3.zarr","recon-1/em/fibsem-uint8","/projects/weilab/dataset/cellmap/jrc_hela-3/jrc_hela-3.zarr","recon-1/labels/groundtruth/crop85/[nuc,mito,er,golgi,ves]"
"train","/projects/weilab/dataset/cellmap/jrc_fly-vnc-1/jrc_fly-vnc-1.zarr","recon-1/em/fibsem-uint8","/projects/weilab/dataset/cellmap/jrc_fly-vnc-1/jrc_fly-vnc-1.zarr","recon-1/labels/groundtruth/crop174/[nuc,mito,er,golgi,ves]"
"train","/projects/weilab/dataset/cellmap/jrc_fly-vnc-1/jrc_fly-vnc-1.zarr","recon-1/em/fibsem-uint8","/projects/weilab/dataset/cellmap/jrc_fly-vnc-1/jrc_fly-vnc-1.zarr","recon-1/labels/groundtruth/crop78/[nuc,mito,er,golgi,ves]"
"train","/projects/weilab/dataset/cellmap/jrc_fly-vnc-1/jrc_fly-vnc-1.zarr","recon-1/em/fibsem-uint8","/projects/weilab/dataset/cellmap/jrc_fly-vnc-1/jrc_fly-vnc-1.zarr","recon-1/labels/groundtruth/crop79/[nuc,mito,er,golgi,ves]"
"train","/projects/weilab/dataset/cellmap/jrc_fly-vnc-1/jrc_fly-vnc-1.zarr","recon-1/em/fibsem-uint8","/projects/weilab/dataset/cellmap/jrc_fly-vnc-1/jrc_fly-vnc-1.zarr","recon-1/labels/groundtruth/crop173/[nuc,mito,er,golgi,ves]"
"train","/projects/weilab/dataset/cellmap/jrc_fly-vnc-1/jrc_fly-vnc-1.zarr","recon-1/em/fibsem-uint8","/projects/weilab/dataset/cellmap/jrc_fly-vnc-1/jrc_fly-vnc-1.zarr","recon-1/labels/groundtruth/crop185/[nuc,mito,er,golgi,ves]"
"train","/projects/weilab/dataset/cellmap/jrc_fly-vnc-1/jrc_fly-vnc-1.zarr","recon-1/em/fibsem-uint8","/projects/weilab/dataset/cellmap/jrc_fly-vnc-1/jrc_fly-vnc-1.zarr","recon-1/labels/groundtruth/crop176/[nuc,mito,er,golgi,ves]"
"train","/projects/weilab/dataset/cellmap/jrc_mus-kidney/jrc_mus-kidney.zarr","recon-1/em/fibsem-uint8","/projects/weilab/dataset/cellmap/jrc_mus-kidney/jrc_mus-kidney.zarr","recon-1/labels/groundtruth/crop156/[nuc,mito,er,golgi,ves]"
"train","/projects/weilab/dataset/cellmap/jrc_mus-kidney/jrc_mus-kidney.zarr","recon-1/em/fibsem-uint8","/projects/weilab/dataset/cellmap/jrc_mus-kidney/jrc_mus-kidney.zarr","recon-1/labels/groundtruth/crop159/[nuc,mito,er,golgi,ves]"
"train","/projects/weilab/dataset/cellmap/jrc_mus-kidney/jrc_mus-kidney.zarr","recon-1/em/fibsem-uint8","/projects/weilab/dataset/cellmap/jrc_mus-kidney/jrc_mus-kidney.zarr","recon-1/labels/groundtruth/crop147/[nuc,mito,er,golgi,ves]"
"train","/projects/weilab/dataset/cellmap/jrc_mus-kidney/jrc_mus-kidney.zarr","recon-1/em/fibsem-uint8","/projects/weilab/dataset/cellmap/jrc_mus-kidney/jrc_mus-kidney.zarr","recon-1/labels/groundtruth/crop161/[nuc,mito,er,golgi,ves]"
"validate","/projects/weilab/dataset/cellmap/jrc_mus-kidney/jrc_mus-kidney.zarr","recon-1/em/fibsem-uint8","/projects/weilab/dataset/cellmap/jrc_mus-kidney/jrc_mus-kidney.zarr","recon-1/labels/groundtruth/crop160/[nuc,mito,er,golgi,ves]"
"train","/projects/weilab/dataset/cellmap/jrc_mus-kidney/jrc_mus-kidney.zarr","recon-1/em/fibsem-uint8","/projects/weilab/dataset/cellmap/jrc_mus-kidney/jrc_mus-kidney.zarr","recon-1/labels/groundtruth/crop165/[nuc,mito,er,golgi,ves]"
"train","/projects/weilab/dataset/cellmap/jrc_mus-kidney/jrc_mus-kidney.zarr","recon-1/em/fibsem-uint8","/projects/weilab/dataset/cellmap/jrc_mus-kidney/jrc_mus-kidney.zarr","recon-1/labels/groundtruth/crop163/[nuc,mito,er,golgi,ves]"
"train","/projects/weilab/dataset/cellmap/jrc_mus-kidney/jrc_mus-kidney.zarr","recon-1/em/fibsem-uint8","/projects/weilab/dataset/cellmap/jrc_mus-kidney/jrc_mus-kidney.zarr","recon-1/labels/groundtruth/crop129/[nuc,mito,er,golgi,ves]"
"train","/projects/weilab/dataset/cellmap/jrc_mus-kidney/jrc_mus-kidney.zarr","recon-1/em/fibsem-uint8","/projects/weilab/dataset/cellmap/jrc_mus-kidney/jrc_mus-kidney.zarr","recon-1/labels/groundtruth/crop148/[nuc,mito,er,golgi,ves]"
"train","/projects/weilab/dataset/cellmap/jrc_mus-kidney/jrc_mus-kidney.zarr","recon-1/em/fibsem-uint8","/projects/weilab/dataset/cellmap/jrc_mus-kidney/jrc_mus-kidney.zarr","recon-1/labels/groundtruth/crop162/[nuc,mito,er,golgi,ves]"
"validate","/projects/weilab/dataset/cellmap/jrc_mus-kidney/jrc_mus-kidney.zarr","recon-1/em/fibsem-uint8","/projects/weilab/dataset/cellmap/jrc_mus-kidney/jrc_mus-kidney.zarr","recon-1/labels/groundtruth/crop146/[nuc,mito,er,golgi,ves]"
"train","/projects/weilab/dataset/cellmap/jrc_mus-kidney/jrc_mus-kidney.zarr","recon-1/em/fibsem-uint8","/projects/weilab/dataset/cellmap/jrc_mus-kidney/jrc_mus-kidney.zarr","recon-1/labels/groundtruth/crop141/[nuc,mito,er,golgi,ves]"
"train","/projects/weilab/dataset/cellmap/jrc_mus-kidney/jrc_mus-kidney.zarr","recon-1/em/fibsem-uint8","/projects/weilab/dataset/cellmap/jrc_mus-kidney/jrc_mus-kidney.zarr","recon-1/labels/groundtruth/crop149/[nuc,mito,er,golgi,ves]"
"train","/projects/weilab/dataset/cellmap/jrc_mus-kidney/jrc_mus-kidney.zarr","recon-1/em/fibsem-uint8","/projects/weilab/dataset/cellmap/jrc_mus-kidney/jrc_mus-kidney.zarr","recon-1/labels/groundtruth/crop164/[nuc,mito,er,golgi,ves]"
"train","/projects/weilab/dataset/cellmap/jrc_mus-kidney/jrc_mus-kidney.zarr","recon-1/em/fibsem-uint8","/projects/weilab/dataset/cellmap/jrc_mus-kidney/jrc_mus-kidney.zarr","recon-1/labels/groundtruth/crop158/[nuc,mito,er,golgi,ves]"
"train","/projects/weilab/dataset/cellmap/jrc_mus-kidney/jrc_mus-kidney.zarr","recon-1/em/fibsem-uint8","/projects/weilab/dataset/cellmap/jrc_mus-kidney/jrc_mus-kidney.zarr","recon-1/labels/groundtruth/crop140/[nuc,mito,er,golgi,ves]"
"train","/projects/weilab/dataset/cellmap/jrc_mus-kidney/jrc_mus-kidney.zarr","recon-1/em/fibsem-uint8","/projects/weilab/dataset/cellmap/jrc_mus-kidney/jrc_mus-kidney.zarr","recon-1/labels/groundtruth/crop166/[nuc,mito,er,golgi,ves]"
"train","/projects/weilab/dataset/cellmap/jrc_macrophage-2/jrc_macrophage-2.zarr","recon-1/em/fibsem-uint8","/projects/weilab/dataset/cellmap/jrc_macrophage-2/jrc_macrophage-2.zarr","recon-1/labels/groundtruth/crop74/[nuc,mito,er,golgi,ves]"
"train","/projects/weilab/dataset/cellmap/jrc_macrophage-2/jrc_macrophage-2.zarr","recon-1/em/fibsem-uint8","/projects/weilab/dataset/cellmap/jrc_macrophage-2/jrc_macrophage-2.zarr","recon-1/labels/groundtruth/crop32/[nuc,mito,er,golgi,ves]"
"train","/projects/weilab/dataset/cellmap/jrc_macrophage-2/jrc_macrophage-2.zarr","recon-1/em/fibsem-uint8","/projects/weilab/dataset/cellmap/jrc_macrophage-2/jrc_macrophage-2.zarr","recon-1/labels/groundtruth/crop31/[nuc,mito,er,golgi,ves]"
"train","/projects/weilab/dataset/cellmap/jrc_macrophage-2/jrc_macrophage-2.zarr","recon-1/em/fibsem-uint8","/projects/weilab/dataset/cellmap/jrc_macrophage-2/jrc_macrophage-2.zarr","recon-1/labels/groundtruth/crop76/[nuc,mito,er,golgi,ves]"
"validate","/projects/weilab/dataset/cellmap/jrc_macrophage-2/jrc_macrophage-2.zarr","recon-1/em/fibsem-uint8","/projects/weilab/dataset/cellmap/jrc_macrophage-2/jrc_macrophage-2.zarr","recon-1/labels/groundtruth/crop88/[nuc,mito,er,golgi,ves]"
"train","/projects/weilab/dataset/cellmap/jrc_macrophage-2/jrc_macrophage-2.zarr","recon-1/em/fibsem-uint8","/projects/weilab/dataset/cellmap/jrc_macrophage-2/jrc_macrophage-2.zarr","recon-1/labels/groundtruth/crop90/[nuc,mito,er,golgi,ves]"
"train","/projects/weilab/dataset/cellmap/jrc_macrophage-2/jrc_macrophage-2.zarr","recon-1/em/fibsem-uint8","/projects/weilab/dataset/cellmap/jrc_macrophage-2/jrc_macrophage-2.zarr","recon-1/labels/groundtruth/crop40/[nuc,mito,er,golgi,ves]"
"train","/projects/weilab/dataset/cellmap/jrc_macrophage-2/jrc_macrophage-2.zarr","recon-1/em/fibsem-uint8","/projects/weilab/dataset/cellmap/jrc_macrophage-2/jrc_macrophage-2.zarr","recon-1/labels/groundtruth/crop109/[nuc,mito,er,golgi,ves]"
"train","/projects/weilab/dataset/cellmap/jrc_macrophage-2/jrc_macrophage-2.zarr","recon-1/em/fibsem-uint8","/projects/weilab/dataset/cellmap/jrc_macrophage-2/jrc_macrophage-2.zarr","recon-1/labels/groundtruth/crop72/[nuc,mito,er,golgi,ves]"
"train","/projects/weilab/dataset/cellmap/jrc_macrophage-2/jrc_macrophage-2.zarr","recon-1/em/fibsem-uint8","/projects/weilab/dataset/cellmap/jrc_macrophage-2/jrc_macrophage-2.zarr","recon-1/labels/groundtruth/crop89/[nuc,mito,er,golgi,ves]"
"train","/projects/weilab/dataset/cellmap/jrc_macrophage-2/jrc_macrophage-2.zarr","recon-1/em/fibsem-uint8","/projects/weilab/dataset/cellmap/jrc_macrophage-2/jrc_macrophage-2.zarr","recon-1/labels/groundtruth/crop73/[nuc,mito,er,golgi,ves]"
"train","/projects/weilab/dataset/cellmap/jrc_macrophage-2/jrc_macrophage-2.zarr","recon-1/em/fibsem-uint8","/projects/weilab/dataset/cellmap/jrc_macrophage-2/jrc_macrophage-2.zarr","recon-1/labels/groundtruth/crop77/[nuc,mito,er,golgi,ves]"
"train","/projects/weilab/dataset/cellmap/jrc_macrophage-2/jrc_macrophage-2.zarr","recon-1/em/fibsem-uint8","/projects/weilab/dataset/cellmap/jrc_macrophage-2/jrc_macrophage-2.zarr","recon-1/labels/groundtruth/crop110/[nuc,mito,er,golgi,ves]"
"train","/projects/weilab/dataset/cellmap/jrc_macrophage-2/jrc_macrophage-2.zarr","recon-1/em/fibsem-uint8","/projects/weilab/dataset/cellmap/jrc_macrophage-2/jrc_macrophage-2.zarr","recon-1/labels/groundtruth/crop39/[nuc,mito,er,golgi,ves]"
"train","/projects/weilab/dataset/cellmap/jrc_macrophage-2/jrc_macrophage-2.zarr","recon-1/em/fibsem-uint8","/projects/weilab/dataset/cellmap/jrc_macrophage-2/jrc_macrophage-2.zarr","recon-1/labels/groundtruth/crop42/[nuc,mito,er,golgi,ves]"
"train","/projects/weilab/dataset/cellmap/jrc_macrophage-2/jrc_macrophage-2.zarr","recon-1/em/fibsem-uint8","/projects/weilab/dataset/cellmap/jrc_macrophage-2/jrc_macrophage-2.zarr","recon-1/labels/groundtruth/crop48/[nuc,mito,er,golgi,ves]"
"train","/projects/weilab/dataset/cellmap/jrc_macrophage-2/jrc_macrophage-2.zarr","recon-1/em/fibsem-uint8","/projects/weilab/dataset/cellmap/jrc_macrophage-2/jrc_macrophage-2.zarr","recon-1/labels/groundtruth/crop49/[nuc,mito,er,golgi,ves]"
"train","/projects/weilab/dataset/cellmap/jrc_macrophage-2/jrc_macrophage-2.zarr","recon-1/em/fibsem-uint8","/projects/weilab/dataset/cellmap/jrc_macrophage-2/jrc_macrophage-2.zarr","recon-1/labels/groundtruth/crop75/[nuc,mito,er,golgi,ves]"
"train","/projects/weilab/dataset/cellmap/jrc_mus-kidney/jrc_mus-kidney.zarr","recon-1/em/fibsem-uint8","/projects/weilab/dataset/cellmap/jrc_mus-kidney/jrc_mus-kidney.zarr","recon-1/labels/groundtruth/crop229/[mito]"
